#技能ID,技能名,图标,技能描述,职业,技能等级,学习需要等级,升级技能,使用熟练度,升级需要熟练度,技能书ID,技能属性类型,消耗HP,消耗MP,冷却时间,公共冷却,最小施法距离,最大施法距离,影响范围,最大影响人数,防御抵消伤害系数,参数,受击延时,技能伤害描述,技能范围描述,技能冷却时间描述,附加效果描述,技能类型,方向,资源ID,主动类型,合击技能升级,自动开关,互斥类型,技能书ID,分身技能升级需求
#id,,,,,,,,,,,0无1物理2魔法3道,,,毫秒,弃用,,,直径(格子数),,万分比,技能参数,,,,,,技能ID/100,部分技能8个朝向，1个朝向默认朝下,modelinfo表第一列,0被动1主动,新增,新增,新增,,新增
#int,string,string,string,int,int,int,int,int,int,int,int,int,int,int,int,int,int,int,int,int,int,int,string,string,string,string,int,int,int,,,,,,
10001,普通攻击,jn10001100,普通攻击,100,1,1,0,0,0,0,1,0,0,600,,1,1,1,1,10000,{'attack_pres':10000},320,物理攻击<a color='30ff00'>100%</a>附加伤害。,单体攻击,0.85秒,无,100,8,,1,,0,0,,
10101,天罡战气,jn10101100,修炼后增加攻击命中率。增加准确。,100,1,1,10102,0,12000,20000108,1,0,0,0,,1,0,0,1,10000,{'accuracy':30},320,修炼后增加攻击命中率，增加<a color='30ff00'>30点</a>准确。,无,无,无,101,8,,0,,0,0,20000108,
10102,天罡战气,jn10101100,修炼后增加攻击命中率。增加准确。,100,2,60,10103,0,30000,20000108,1,0,0,0,,1,0,0,1,10000,{'accuracy':55},320,修炼后增加攻击命中率，增加<a color='30ff00'>55点</a>准确。,无,无,无,101,8,,0,,0,0,20000108,
10103,天罡战气,jn10101100,修炼后增加攻击命中率。增加准确。,100,3,68,10104,0,60000,20000108,1,0,0,0,,1,0,0,1,10000,{'accuracy':80},320,修炼后增加攻击命中率，增加<a color='30ff00'>80点</a>准确。,无,无,无,101,8,,0,,0,0,20000108,
10104,秘・天罡战气,jn10101100,修炼后增加攻击命中率。增加准确。,100,4,76,10105,0,75000,20000108,1,0,0,0,,1,0,0,1,10000,{'accuracy':110},320,修炼后增加攻击命中率，增加<a color='30ff00'>110点</a>准确。,无,无,无,101,8,,0,,0,0,22000106,
10105,秘・天罡战气,jn10101100,修炼后增加攻击命中率。增加准确。,100,5,84,10106,0,180000,20000108,1,0,0,0,,1,0,0,1,10000,{'accuracy':140},320,修炼后增加攻击命中率，增加<a color='30ff00'>140点</a>准确。,无,无,无,101,8,,0,,0,0,22000106,
10106,秘・天罡战气,jn10101100,修炼后增加攻击命中率。增加准确。,100,6,92,10107,0,525000,20000108,1,0,0,0,,1,0,0,1,10000,{'accuracy':170},320,修炼后增加攻击命中率，增加<a color='30ff00'>170点</a>准确。,无,无,无,101,8,,0,,0,0,22000106,
10107,神・天罡战气,jn10101100,修炼后增加攻击命中率。增加准确。,100,7,100,10108,0,250000,20000108,1,0,0,0,,1,0,0,1,10000,{'accuracy':220},320,修炼后增加攻击命中率，增加<a color='30ff00'>220点</a>准确。,无,无,无,101,8,,0,,0,0,22000130,
10108,神・天罡战气,jn10101100,攻击目标造成大量伤害，概率造成物理伤害。,100,8,108,10109,0,300000,20000108,1,0,0,0,,1,0,0,1,10000,{'accuracy':270},320,修炼后增加攻击命中率，增加<a color='30ff00'>270点</a>准确。,无,无,无,101,8,,0,,0,0,22000130,
10109,神・天罡战气,jn10101100,攻击目标造成大量伤害，概率造成物理伤害。,100,9,116,0,0,600000,20000108,1,0,0,0,,1,0,0,1,10000,{'accuracy':320},320,修炼后增加攻击命中率，增加<a color='30ff00'>320点</a>准确。,无,无,无,101,8,,0,,0,0,22000130,
10201,攻杀剑术,jn10201100,攻击目标造成大量伤害，概率造成物理伤害。,100,1,1,10202,1,12000,20000216,1,0,0,0,,1,0,0,1,10000,{'probability':1000|'add_power':300},320,攻击目标概率造成大量伤害，<a color='30ff00'>10%</a>概率造成<a color='30ff00'>300点</a>物理伤害。,单体,无,0.1概率造成伤害,102,8,,0,,0,0,20000216,升级需求：2阶5级
10202,攻杀剑术,jn10201100,攻击目标造成大量伤害，概率造成物理伤害。,100,2,61,10203,1,30000,20000216,1,0,0,0,,1,0,0,1,10000,{'probability':1000|'add_power':500},320,攻击目标概率造成大量伤害，<a color='30ff00'>10%</a>概率造成<a color='30ff00'>500点</a>物理伤害。,单体,无,0.1概率造成伤害,102,8,,0,,0,0,20000216,升级需求：4阶10级
10203,攻杀剑术,jn10201100,攻击目标造成大量伤害，概率造成物理伤害。,100,3,69,10204,1,60000,20000216,1,0,0,0,,1,0,0,1,10000,{'probability':1000|'add_power':700},320,攻击目标概率造成大量伤害，<a color='30ff00'>10%</a>概率造成<a color='30ff00'>700点</a>物理伤害。,单体,无,0.1概率造成伤害,102,8,,0,,0,0,20000216,升级需求：8阶10级
10204,秘・攻杀剑术,jn10201100,攻击目标造成大量伤害，概率造成物理伤害。,100,4,77,10205,1,75000,20000216,1,0,0,0,,1,0,0,1,10000,{'probability':1500|'add_power':900},320,攻击目标概率造成大量伤害，<a color='30ff00'>15%</a>概率造成<a color='30ff00'>900点</a>物理伤害。,单体,无,0.15概率造成伤害,102,8,,0,,0,0,22000107,升级需求：12阶10级
10205,秘・攻杀剑术,jn10201100,攻击目标造成大量伤害，概率造成物理伤害。,100,5,85,10206,1,180000,20000216,1,0,0,0,,1,0,0,1,10000,{'probability':1500|'add_power':1100},320,攻击目标概率造成大量伤害，<a color='30ff00'>15%</a>概率造成<a color='30ff00'>1100点</a>物理伤害。,单体,无,0.15概率造成伤害,102,8,,0,,0,0,22000107,升级需求：16阶10级
10206,秘・攻杀剑术,jn10201100,攻击目标造成大量伤害，概率造成物理伤害。,100,6,93,10207,1,525000,20000216,1,0,0,0,,1,0,0,1,10000,{'probability':1500|'add_power':1300},320,攻击目标概率造成大量伤害，<a color='30ff00'>15%</a>概率造成<a color='30ff00'>1300点</a>物理伤害。,单体,无,0.15概率造成伤害,102,8,,0,,0,0,22000107,升级需求：20阶10级
10207,神・攻杀剑术,jn10201100,攻击目标造成大量伤害，概率造成物理伤害。,100,7,101,10208,1,250000,20000216,1,0,0,0,,1,0,0,1,10000,{'probability':20|'add_power':1500},320,攻击目标概率造成大量伤害，<a color='30ff00'>20%</a>概率造成<a color='30ff00'>1500点</a>物理伤害。,单体,无,0.2概率造成伤害,102,8,,0,,0,0,22000131,升级需求：24阶10级
10208,神・攻杀剑术,jn10201100,攻击目标造成大量伤害，概率造成物理伤害。,100,8,109,10209,1,300000,20000216,1,0,0,0,,1,0,0,1,10000,{'probability':20|'add_power':1700},320,攻击目标概率造成大量伤害，<a color='30ff00'>20%</a>概率造成<a color='30ff00'>1700点</a>物理伤害。,单体,无,0.2概率造成伤害,102,8,,0,,0,0,22000131,升级需求：28阶10级
10209,神・攻杀剑术,jn10201100,攻击目标造成大量伤害，概率造成物理伤害。,100,9,117,0,1,600000,20000216,1,0,0,0,,1,0,0,1,10000,{'probability':20|'add_power':1900},320,攻击目标概率造成大量伤害，<a color='30ff00'>20%</a>概率造成<a color='30ff00'>1900点</a>物理伤害。,单体,无,0.2概率造成伤害,102,8,,0,,0,0,22000131,满级
10301,刺杀剑术,jn10301100,隔位施展剑气攻击直线上两个目标，造成物理伤害，对第二格的伤害无视防御，魔法盾。,100,1,1,10302,1,12000,20000109,1,0,10,600,,1,2,2,100,10000,{'attack_pres':10000|'add_power':150},320,施展剑气攻击前方两格目标，造成<a color='30ff00'>100%+150点</a>物理伤害，第二格敌人无视防御。,正前方两格,0.85秒,第二格敌人无视防御,103,8,101,1,,1,0,20000109,升级需求：2阶10级
10302,刺杀剑术,jn10301100,隔位施展剑气攻击直线上两个目标，造成物理伤害，对第二格的伤害无视防御，魔法盾。,100,2,62,10303,1,30000,20000109,1,0,12,600,,1,2,2,100,10000,{'attack_pres':10600|'add_power':250},320,施展剑气攻击前方两格目标，造成<a color='30ff00'>106%+250点</a>物理伤害，第二格敌人无视防御。,正前方两格,0.85秒,第二格敌人无视防御,103,8,101,1,,1,0,20000109,升级需求：5阶10级
10303,刺杀剑术,jn10301100,隔位施展剑气攻击直线上两个目标，造成物理伤害，对第二格的伤害无视防御，魔法盾。,100,3,70,10304,1,60000,20000109,1,0,14,600,,1,2,2,100,10000,{'attack_pres':11200|'add_power':350},320,施展剑气攻击前方两格目标，造成<a color='30ff00'>112%+350点</a>物理伤害，第二格敌人无视防御。,正前方两格,0.85秒,第二格敌人无视防御,103,8,101,1,,1,0,20000109,升级需求：9阶10级
10304,秘・刺杀剑术,jn10301100,隔位施展剑气攻击直线上两个目标，造成物理伤害，对第二格的伤害无视防御，魔法盾。,100,4,78,10305,1,75000,20000109,1,0,16,600,,1,2,2,100,10000,{'attack_pres':12000|'add_power':400},320,施展剑气攻击前方两格目标，造成<a color='30ff00'>120%+400点</a>物理伤害，第二格敌人无视防御。,正前方两格,0.85秒,第二格敌人无视防御,103,8,101,1,,1,0,22000108,升级需求：13阶10级
10305,秘・刺杀剑术,jn10301100,隔位施展剑气攻击直线上两个目标，造成物理伤害，对第二格的伤害无视防御，魔法盾。,100,5,86,10306,1,180000,20000109,1,0,18,600,,1,2,2,100,10000,{'attack_pres':12600|'add_power':500},320,施展剑气攻击前方两格目标，造成<a color='30ff00'>126%+500点</a>物理伤害，第二格敌人无视防御。,正前方两格,0.85秒,第二格敌人无视防御,103,8,101,1,,1,0,22000108,升级需求：17阶10级
10306,秘・刺杀剑术,jn10301100,隔位施展剑气攻击直线上两个目标，造成物理伤害，对第二格的伤害无视防御，魔法盾。,100,6,94,10307,1,525000,20000109,1,0,20,600,,1,2,2,100,10000,{'attack_pres':13200|'add_power':600},320,施展剑气攻击前方两格目标，造成<a color='30ff00'>132%+600点</a>物理伤害，第二格敌人无视防御。,正前方两格,0.85秒,第二格敌人无视防御,103,8,101,1,,1,0,22000108,升级需求：21阶10级
10307,神・刺杀剑术,jn10301100,隔位施展剑气攻击直线上两个目标，造成物理伤害，对第二格的伤害无视防御，魔法盾。,100,7,102,10308,1,250000,20000109,1,0,22,600,,1,2,2,100,10000,{'attack_pres':13800|'add_power':750},320,施展剑气攻击前方两格目标，造成<a color='30ff00'>138%+750点</a>物理伤害，第二格敌人无视防御。,正前方两格,0.85秒,第二格敌人无视防御,103,8,101,1,,1,0,22000132,升级需求：25阶10级
10308,神・刺杀剑术,jn10301100,隔位施展剑气攻击直线上两个目标，造成物理伤害，对第二格的伤害无视防御，魔法盾。,100,8,110,10309,1,300000,20000109,1,0,24,600,,1,2,2,100,10000,{'attack_pres':14400|'add_power':900},320,施展剑气攻击前方两格目标，造成<a color='30ff00'>144%+900点</a>物理伤害，第二格敌人无视防御。,正前方两格,0.85秒,第二格敌人无视防御,103,8,101,1,,1,0,22000132,升级需求：29阶10级
10309,神・刺杀剑术,jn10301100,隔位施展剑气攻击直线上两个目标，造成物理伤害，对第二格的伤害无视防御，魔法盾。,100,9,118,0,1,600000,20000109,1,0,26,600,,1,2,2,100,10000,{'attack_pres':15000|'add_power':1050},320,施展剑气攻击前方两格目标，造成<a color='30ff00'>150%+1050点</a>物理伤害，第二格敌人无视防御。,正前方两格,0.85秒,第二格敌人无视防御,103,8,101,1,,1,0,22000132,满级
10401,断岳扫,jn10401100,挥舞大刀，形如弯月，攻击正前方五个目标，造成物理伤害。,100,1,1,10402,1,12000,20000110,1,0,10,600,,1,1,1,100,10000,{'attack_pres':7500|'add_power':100},320,挥舞大刀，形如弯月，攻击身前扇形范围五个单位，造成<a color='30ff00'>75%+100点</a>物理伤害。,扇形攻击,0.85秒,无,104,8,102,1,,1,0,20000110,升级需求：3阶5级
10402,断岳扫,jn10401100,挥舞大刀，形如弯月，攻击正前方五个目标，造成物理伤害。,100,2,63,10403,1,30000,20000110,1,0,12,600,,1,1,1,100,10000,{'attack_pres':7800|'add_power':200},320,挥舞大刀，形如弯月，攻击身前扇形范围五个单位，造成<a color='30ff00'>78%+200点</a>物理伤害。,扇形攻击,0.85秒,无,104,8,102,1,,1,0,20000110,升级需求：6阶10级
10403,断岳扫,jn10401100,挥舞大刀，形如弯月，攻击正前方五个目标，造成物理伤害。,100,3,71,10404,1,60000,20000110,1,0,14,600,,1,1,1,100,10000,{'attack_pres':8000|'add_power':300},320,挥舞大刀，形如弯月，攻击身前扇形范围五个单位，造成<a color='30ff00'>80%+300点</a>物理伤害。,扇形攻击,0.85秒,无,104,8,102,1,,1,0,20000110,升级需求：10阶10级
10404,秘・断岳扫,jn10401100,挥舞大刀，形如弯月，攻击正前方五个目标，造成物理伤害。,100,4,79,10405,1,75000,20000110,1,0,16,600,,1,1,1,100,10000,{'attack_pres':8200|'add_power':300},320,挥舞大刀，形如弯月，攻击身前扇形范围五个单位，造成<a color='30ff00'>82%+300点</a>物理伤害。,扇形攻击,0.85秒,无,104,8,102,1,,1,0,22000109,升级需求：14阶10级
10405,秘・断岳扫,jn10401100,挥舞大刀，形如弯月，攻击正前方五个目标，造成物理伤害。,100,5,87,10406,1,180000,20000110,1,0,18,600,,1,1,1,100,10000,{'attack_pres':8500|'add_power':400},320,挥舞大刀，形如弯月，攻击身前扇形范围五个单位，造成<a color='30ff00'>85%+400点</a>物理伤害。,扇形攻击,0.85秒,无,104,8,102,1,,1,0,22000109,升级需求：18阶10级
10406,秘・断岳扫,jn10401100,挥舞大刀，形如弯月，攻击正前方五个目标，造成物理伤害。,100,6,95,10407,1,525000,20000110,1,0,20,600,,1,1,1,100,10000,{'attack_pres':8700|'add_power':500},320,挥舞大刀，形如弯月，攻击身前扇形范围五个单位，造成<a color='30ff00'>87%+500点</a>物理伤害。,扇形攻击,0.85秒,无,104,8,102,1,,1,0,22000109,升级需求：22阶10级
10407,神・断岳扫,jn10401100,挥舞大刀，形如弯月，攻击正前方五个目标，造成物理伤害。,100,7,103,10408,1,250000,20000110,1,0,22,600,,1,1,1,100,10000,{'attack_pres':9000|'add_power':500},320,挥舞大刀，形如弯月，攻击身前扇形范围五个单位，造成<a color='30ff00'>90%+500点</a>物理伤害。,扇形攻击,0.85秒,无,104,8,102,1,,1,0,22000133,升级需求：26阶10级
10408,神・断岳扫,jn10401100,挥舞大刀，形如弯月，攻击正前方五个目标，造成物理伤害。,100,8,111,10409,1,300000,20000110,1,0,24,600,,1,1,1,100,10000,{'attack_pres':9500|'add_power':600},320,挥舞大刀，形如弯月，攻击身前扇形范围五个单位，造成<a color='30ff00'>95%+600点</a>物理伤害。,扇形攻击,0.85秒,无,104,8,102,1,,1,0,22000133,升级需求：30阶10级
10409,神・断岳扫,jn10401100,挥舞大刀，形如弯月，攻击正前方五个目标，造成物理伤害。,100,9,119,0,1,600000,20000110,1,0,26,600,,1,1,1,100,10000,{'attack_pres':10000|'add_power':700},320,挥舞大刀，形如弯月，攻击身前扇形范围五个单位，造成<a color='30ff00'>100%+700点</a>物理伤害。,扇形攻击,0.85秒,无,104,8,102,1,,1,0,22000133,满级
10501,烈火剑术,jn10501100,召唤火精灵附在武器上，进行一次攻击对单个目标造成物理伤害，持续20秒。,100,1,1,10502,1,12000,20000111,1,0,100,15000,,1,1,1,100,10000,{'attack_pres':20000|'add_power':250|'buff_id':10101},420,召唤火精灵附在武器上，进行一次攻击对单体目标造成<a color='30ff00'>200%+250点</a>物理伤害。,单体攻击,15秒,无,105,8,103,1,,1,107,20000111,升级需求：3阶10级
10502,烈火剑术,jn10501100,召唤火精灵附在武器上，进行一次攻击对单个目标造成物理伤害，持续20秒。,100,2,64,10503,1,30000,20000111,1,0,120,15000,,1,1,1,100,10000,{'attack_pres':20500|'add_power':500|'buff_id':10102},420,召唤火精灵附在武器上，进行一次攻击对单体目标造成<a color='30ff00'>205%+500点</a>物理伤害。,单体攻击,15秒,无,105,8,103,1,,1,107,20000111,升级需求：7阶10级
10503,烈火剑术,jn10501100,召唤火精灵附在武器上，进行一次攻击对单个目标造成物理伤害，持续20秒。,100,3,72,10504,1,60000,20000111,1,0,140,15000,,1,1,1,100,10000,{'attack_pres':21000|'add_power':750|'buff_id':10103},420,召唤火精灵附在武器上，进行一次攻击对单体目标造成<a color='30ff00'>210%+750点</a>物理伤害。,单体攻击,15秒,无,105,8,103,1,,1,107,20000111,升级需求：11阶10级
10504,秘・烈火剑术,jn10501100,召唤火精灵附在武器上，进行一次攻击对单个目标造成物理伤害，持续20秒。,100,4,80,10505,1,75000,20000111,1,0,160,15000,,1,1,1,100,10000,{'attack_pres':22000|'add_power':750|'buff_id':10104},420,召唤火精灵附在武器上，进行一次攻击对单体目标造成<a color='30ff00'>220%+750点</a>物理伤害。,单体攻击,15秒,无,105,8,103,1,,1,107,22000110,升级需求：15阶10级
10505,秘・烈火剑术,jn10501100,召唤火精灵附在武器上，进行一次攻击对单个目标造成物理伤害，持续20秒。,100,5,88,10506,1,180000,20000111,1,0,180,15000,,1,1,1,100,10000,{'attack_pres':22500|'add_power':1000|'buff_id':10105},420,召唤火精灵附在武器上，进行一次攻击对单体目标造成<a color='30ff00'>225%+1000点</a>物理伤害。,单体攻击,15秒,无,105,8,103,1,,1,107,22000110,升级需求：19阶10级
10506,秘・烈火剑术,jn10501100,召唤火精灵附在武器上，进行一次攻击对单个目标造成物理伤害，持续20秒。,100,6,96,10507,1,525000,20000111,1,0,200,15000,,1,1,1,100,10000,{'attack_pres':23000|'add_power':1250|'buff_id':10106},420,召唤火精灵附在武器上，进行一次攻击对单体目标造成<a color='30ff00'>230%+1250点</a>物理伤害。,单体攻击,15秒,无,105,8,103,1,,1,107,22000110,升级需求：23阶10级
10507,神・烈火剑术,jn10501100,召唤火精灵附在武器上，进行一次攻击对单个目标造成物理伤害，持续20秒。,100,7,104,10508,1,250000,20000111,1,0,220,15000,,1,1,1,100,10000,{'attack_pres':24000|'add_power':1240|'buff_id':10107},420,召唤火精灵附在武器上，进行一次攻击对单体目标造成<a color='30ff00'>240%+1240点</a>物理伤害。,单体攻击,15秒,无,105,8,103,1,,1,107,22000134,升级需求：27阶10级
10508,神・烈火剑术,jn10501100,召唤火精灵附在武器上，进行一次攻击对单个目标造成物理伤害，持续20秒。,100,8,112,10509,1,300000,20000111,1,0,240,15000,,1,1,1,100,10000,{'attack_pres':24500|'add_power':1500|'buff_id':10108},420,召唤火精灵附在武器上，进行一次攻击对单体目标造成<a color='30ff00'>245%+1500点</a>物理伤害。,单体攻击,15秒,无,105,8,103,1,,1,107,22000134,升级需求：31阶10级
10509,神・烈火剑术,jn10501100,召唤火精灵附在武器上，进行一次攻击对单个目标造成物理伤害，持续20秒。,100,9,120,0,1,600000,20000111,1,0,260,15000,,1,1,1,100,10000,{'attack_pres':25000|'add_power':1750|'buff_id':10109},420,召唤火精灵附在武器上，进行一次攻击对单体目标造成<a color='30ff00'>250%+1750点</a>物理伤害。,单体攻击,15秒,无,105,8,103,1,,1,107,22000134,满级
10601,无畏冲锋,jn10601100,用肩膀撞开重生/等级低于自己的目标，优先判定重生等级。,100,1,1,10602,1,12000,20000113,1,0,80,16000,,0,4,4,1,10000,{'buff_time':1000|'buff_id':11301},320,向前方冲撞<a color='30ff00'>4</a>格，对重生/等级低于自己的目标造成<a color='30ff00'>1秒</a>僵直，优先判断重生等级，冷却时间<a color='30ff00'>12秒</a>。,单体,12秒,无,106,8,104,1,,0,0,20000113,
10602,无畏冲锋,jn10601100,用肩膀撞开重生/等级低于自己的目标，优先判定重生等级。,100,2,65,10603,1,30000,20000113,1,0,90,16000,,0,4,4,1,10000,{'buff_time':1500|'buff_id':11302},320,向前方冲撞<a color='30ff00'>4</a>格，对重生/等级低于自己的目标造成<a color='30ff00'>1.5秒</a>僵直，优先判断重生等级，冷却时间<a color='30ff00'>11.5秒</a>。,单体,11.5秒,无,106,8,104,1,,0,0,20000113,
10603,无畏冲锋,jn10601100,用肩膀撞开重生/等级低于自己的目标，优先判定重生等级。,100,3,73,10604,1,60000,20000113,1,0,100,16000,,0,4,4,1,10000,{'buff_time':1600|'buff_id':11303},320,向前方冲撞<a color='30ff00'>4</a>格，对重生/等级低于自己的目标造成<a color='30ff00'>1.6秒</a>僵直，优先判断重生等级，冷却时间<a color='30ff00'>11秒</a>。,单体,11秒,无,106,8,104,1,,0,0,20000113,
10604,秘・无畏冲锋,jn10601100,用肩膀撞开重生/等级低于自己的目标，优先判定重生等级。,100,4,81,10605,1,75000,20000113,1,0,110,16000,,0,5,5,1,10000,{'buff_time':1800|'buff_id':11304},320,向前方冲撞<a color='30ff00'>5</a>格，对重生/等级低于自己的目标造成<a color='30ff00'>1.8秒</a>僵直，优先判断重生等级，冷却时间<a color='30ff00'>10.5秒</a>。,单体,10.5秒,无,106,8,104,1,,0,0,22000111,
10605,秘・无畏冲锋,jn10601100,用肩膀撞开重生/等级低于自己的目标，优先判定重生等级。,100,5,89,10606,1,180000,20000113,1,0,120,16000,,0,5,5,1,10000,{'buff_time':2000|'buff_id':11305},320,向前方冲撞<a color='30ff00'>5</a>格，对重生/等级低于自己的目标造成<a color='30ff00'>2秒</a>僵直，优先判断重生等级，冷却时间<a color='30ff00'>10秒</a>。,单体,10秒,无,106,8,104,1,,0,0,22000111,
10606,秘・无畏冲锋,jn10601100,用肩膀撞开重生/等级低于自己的目标，优先判定重生等级。,100,6,97,10607,1,525000,20000113,1,0,130,16000,,0,5,5,1,10000,{'buff_time':2200|'buff_id':11306},320,向前方冲撞<a color='30ff00'>5</a>格，对重生/等级低于自己的目标造成<a color='30ff00'>2.2秒</a>僵直，优先判断重生等级，冷却时间<a color='30ff00'>9.5秒</a>。,单体,9.5秒,无,106,8,104,1,,0,0,22000111,
10607,神・无畏冲锋,jn10601100,用肩膀撞开重生/等级低于自己的目标，优先判定重生等级。,100,7,105,10608,1,250000,20000113,1,0,140,16000,,0,6,6,1,10000,{'buff_time':2400|'buff_id':11307},320,向前方冲撞<a color='30ff00'>6</a>格，对重生/等级低于自己的目标造成<a color='30ff00'>2.4秒</a>僵直，优先判断重生等级，冷却时间<a color='30ff00'>9秒</a>。,单体,9秒,无,106,8,104,1,,0,0,22000135,
10608,神・无畏冲锋,jn10601100,用肩膀撞开重生/等级低于自己的目标，优先判定重生等级。,100,8,113,10609,1,300000,20000113,1,0,150,16000,,0,6,6,1,10000,{'buff_time':2600|'buff_id':11308},320,向前方冲撞<a color='30ff00'>6</a>格，对重生/等级低于自己的目标造成<a color='30ff00'>2.6秒</a>僵直，优先判断重生等级，冷却时间<a color='30ff00'>8.5秒</a>。,单体,8.5秒,无,106,8,104,1,,0,0,22000135,
10609,神・无畏冲锋,jn10601100,用肩膀撞开重生/等级低于自己的目标，优先判定重生等级。,100,9,121,0,1,600000,20000113,1,0,160,16000,,0,6,6,1,10000,{'buff_time':2800|'buff_id':11309},320,向前方冲撞<a color='30ff00'>6</a>格，对重生/等级低于自己的目标造成<a color='30ff00'>2.8秒</a>僵直，优先判断重生等级，冷却时间<a color='30ff00'>8秒</a>。,单体,8秒,无,106,8,104,1,,0,0,22000135,
10701,长虹贯日,jn10701100,劈出一道火焰，攻击直线上四个目标。造成物理伤害。,100,1,1,10702,1,12000,20000112,1,0,200,20000,,1,4,4,100,10000,{'attack_pres':11500|'add_power':200|'buff_id':10201},220,劈出一道剑气，攻击直线上的四个目标，造成<a color='30ff00'>115%+200点</a>物理伤害。,正前方四格,20秒,无,107,8,105,1,,1,105,20000112,
10702,长虹贯日,jn10701100,劈出一道火焰，攻击直线上四个目标。造成物理伤害。,100,2,66,10702,1,30000,20000112,1,0,215,20000,,1,4,4,100,10000,{'attack_pres':11800|'add_power':350|'buff_id':10202},220,劈出一道剑气，攻击直线上的四个目标，造成<a color='30ff00'>118%+350点</a>物理伤害。,正前方四格,20秒,无,107,8,105,1,,1,105,20000112,
10703,长虹贯日,jn10701100,劈出一道火焰，攻击直线上四个目标。造成物理伤害。,100,3,74,10702,1,60000,20000112,1,0,230,20000,,1,4,4,100,10000,{'attack_pres':12000|'add_power':500|'buff_id':10203},220,劈出一道剑气，攻击直线上的四个目标，造成<a color='30ff00'>120%+500点</a>物理伤害。,正前方四格,20秒,无,107,8,105,1,,1,105,20000112,
10704,秘・长虹贯日,jn10701100,劈出一道火焰，攻击直线上四个目标。造成物理伤害。,100,4,82,10702,1,75000,20000112,1,0,245,20000,,1,4,4,100,10000,{'attack_pres':13000|'add_power':700|'buff_id':10204},220,劈出一道剑气，攻击直线上的四个目标，造成<a color='30ff00'>130%+700点</a>物理伤害。,正前方四格,20秒,无,107,8,105,1,,1,105,22000112,
10705,秘・长虹贯日,jn10701100,劈出一道火焰，攻击直线上四个目标。造成物理伤害。,100,5,90,10702,1,180000,20000112,1,0,260,20000,,1,4,4,100,10000,{'attack_pres':14000|'add_power':900|'buff_id':10205},220,劈出一道剑气，攻击直线上的四个目标，造成<a color='30ff00'>140%+900点</a>物理伤害。,正前方四格,20秒,无,107,8,105,1,,1,105,22000112,
10706,秘・长虹贯日,jn10701100,劈出一道火焰，攻击直线上四个目标。造成物理伤害。,100,6,98,10702,1,525000,20000112,1,0,275,20000,,1,4,4,100,10000,{'attack_pres':15000|'add_power':1100|'buff_id':10206},220,劈出一道剑气，攻击直线上的四个目标，造成<a color='30ff00'>150%+1100点</a>物理伤害。,正前方四格,20秒,无,107,8,105,1,,1,105,22000112,
10707,神・长虹贯日,jn10701100,劈出一道火焰，攻击直线上四个目标。造成物理伤害。,100,7,106,10702,1,250000,20000112,1,0,290,20000,,1,4,4,100,10000,{'attack_pres':16000|'add_power':1350|'buff_id':10207},220,劈出一道剑气，攻击直线上的四个目标，造成<a color='30ff00'>160%+1350点</a>物理伤害。,正前方四格,20秒,无,107,8,105,1,,1,105,22000136,
10708,神・长虹贯日,jn10701100,劈出一道火焰，攻击直线上四个目标。造成物理伤害。,100,8,114,10702,1,300000,20000112,1,0,305,20000,,1,4,4,100,10000,{'attack_pres':17000|'add_power':1600|'buff_id':10208},220,劈出一道剑气，攻击直线上的四个目标，造成<a color='30ff00'>170%+1600点</a>物理伤害。,正前方四格,20秒,无,107,8,105,1,,1,105,22000136,
10709,神・长虹贯日,jn10701100,劈出一道火焰，攻击直线上四个目标。造成物理伤害。,100,9,122,10702,1,600000,20000112,1,0,320,20000,,1,4,4,100,10000,{'attack_pres':18000|'add_power':1850|'buff_id':10209},220,劈出一道剑气，攻击直线上的四个目标，造成<a color='30ff00'>180%+1850点</a>物理伤害。,正前方四格,20秒,无,107,8,105,1,,1,105,22000136,
10801,移形幻影,jn10701101,爆发全身力量冲向4格内的目标，对重生/等级低于自己的目标造成4秒减速，并造成120%物理攻击伤害,100,1,1,0,1,12000,20000311,1,0,20,18000,,1,4,4,1,10000,{'attack_pres':5000|'buff_time':4000|'buff_id':10901},320,爆发全身力量冲向<a color='30ff00'>4格</a>内的目标，对重生/等级低于自己的目标造成4秒减速，并造成<a color='30ff00'>50%</a>物理攻击伤害,正前方四格,1秒,无,108,8,128,1,,0,0,20000311,
10802,移形幻影,jn10701101,爆发全身力量冲向4格内的目标，对重生/等级低于自己的目标造成4秒减速，并造成120%物理攻击伤害,100,2,67,10801,1,30000,20000311,1,0,20,18000,,1,4,4,1,10000,{'attack_pres':5500|'buff_time':4000|'buff_id':10901},320,爆发全身力量冲向<a color='30ff00'>4格</a>内的目标，对重生/等级低于自己的目标造成4秒减速，并造成<a color='30ff00'>55%</a>物理攻击伤害,正前方四格,1秒,无,108,8,128,1,,0,0,20000311,
10803,移形幻影,jn10701101,爆发全身力量冲向4格内的目标，对重生/等级低于自己的目标造成4秒减速，并造成120%物理攻击伤害,100,3,75,10802,1,60000,20000311,1,0,20,18000,,1,4,4,1,10000,{'attack_pres':6000|'buff_time':4000|'buff_id':10901},320,爆发全身力量冲向<a color='30ff00'>4格</a>内的目标，对重生/等级低于自己的目标造成4秒减速，并造成<a color='30ff00'>60%</a>物理攻击伤害,正前方四格,1秒,无,108,8,128,1,,0,0,20000311,
10804,秘・移形幻影,jn10701101,爆发全身力量冲向5格内的目标，对重生/等级低于自己的目标造成4秒减速，并造成120%物理攻击伤害,100,4,83,10803,1,75000,20000311,1,0,20,18000,,1,5,5,1,10000,{'attack_pres':6500|'buff_time':4000|'buff_id':10901},320,爆发全身力量冲向<a color='30ff00'>5格</a>内的目标，对重生/等级低于自己的目标造成4秒减速，并造成<a color='30ff00'>70%</a>物理攻击伤害,正前方五格,1秒,无,108,8,128,1,,0,0,22000113,
10805,秘・移形幻影,jn10701101,爆发全身力量冲向5格内的目标，对重生/等级低于自己的目标造成4秒减速，并造成120%物理攻击伤害,100,5,91,10804,1,180000,20000311,1,0,20,18000,,1,5,5,1,10000,{'attack_pres':7000|'buff_time':4000|'buff_id':10901},320,爆发全身力量冲向<a color='30ff00'>5格</a>内的目标，对重生/等级低于自己的目标造成4秒减速，并造成<a color='30ff00'>75%</a>物理攻击伤害,正前方五格,1秒,无,108,8,128,1,,0,0,22000113,
10806,秘・移形幻影,jn10701101,爆发全身力量冲向5格内的目标，对重生/等级低于自己的目标造成4秒减速，并造成120%物理攻击伤害,100,6,99,10805,1,525000,20000311,1,0,20,18000,,1,5,5,1,10000,{'attack_pres':7500|'buff_time':4000|'buff_id':10901},320,爆发全身力量冲向<a color='30ff00'>5格</a>内的目标，对重生/等级低于自己的目标造成4秒减速，并造成<a color='30ff00'>80%</a>物理攻击伤害,正前方五格,1秒,无,108,8,128,1,,0,0,22000113,
10807,神・移形幻影,jn10701101,爆发全身力量冲向6格内的目标，对重生/等级低于自己的目标造成4秒减速，并造成120%物理攻击伤害,100,7,107,10806,1,250000,20000311,1,0,20,18000,,1,6,6,1,10000,{'attack_pres':8000|'buff_time':4000|'buff_id':10901},320,爆发全身力量冲向<a color='30ff00'>6格</a>内的目标，对重生/等级低于自己的目标造成4秒减速，并造成<a color='30ff00'>90%</a>物理攻击伤害,正前方六格,1秒,无,108,8,128,1,,0,0,22000137,
10808,神・移形幻影,jn10701101,爆发全身力量冲向6格内的目标，对重生/等级低于自己的目标造成4秒减速，并造成120%物理攻击伤害,100,8,115,10807,1,300000,20000311,1,0,20,18000,,1,6,6,1,10000,{'attack_pres':8500|'buff_time':4000|'buff_id':10901},320,爆发全身力量冲向<a color='30ff00'>6格</a>内的目标，对重生/等级低于自己的目标造成4秒减速，并造成<a color='30ff00'>100%</a>物理攻击伤害,正前方六格,1秒,无,108,8,128,1,,0,0,22000137,
10809,神・移形幻影,jn10701101,爆发全身力量冲向6格内的目标，对重生/等级低于自己的目标造成4秒减速，并造成120%物理攻击伤害,100,9,123,10808,1,600000,20000311,1,0,20,18000,,1,6,6,1,10000,{'attack_pres':9000|'buff_time':4000|'buff_id':10901},320,爆发全身力量冲向<a color='30ff00'>6格</a>内的目标，对重生/等级低于自己的目标造成4秒减速，并造成<a color='30ff00'>120%</a>物理攻击伤害,正前方六格,1秒,无,108,8,128,1,,0,0,22000137,
20001,普通攻击,jn20001101,普通攻击,101,1,1,0,0,0,0,2,0,0,600,,1,8,1,1,10000,{'attack_pres':10000},620,造成<a color='30ff00'>100%+0点</a>法术伤害,单体攻击,0.85秒,无,200,1,106,1,,0,0,,
20101,天雷诀,jn20101101,从空中召唤一道雷电攻击一个目标。造成魔法伤害。,101,1,1,20102,1,12000,20000114,2,0,10,600,,0,8,1,100,10000,{'attack_pres':11800|'add_power':200},720,从空中召唤一道雷电攻击一个目标，造成<a color='30ff00'>118%+200点</a>法术伤害。,单体攻击,0.85秒,无,201,1,107,1,,0,0,20000114,升级需求：2阶5级
20102,天雷诀,jn20101101,从空中召唤一道雷电攻击一个目标。造成魔法伤害。,101,2,60,20103,1,30000,20000114,2,0,12,600,,0,8,1,100,10000,{'attack_pres':12000|'add_power':350},720,从空中召唤一道雷电攻击一个目标，造成<a color='30ff00'>120%+350点</a>法术伤害。,单体攻击,0.85秒,无,201,1,107,1,,0,0,20000114,升级需求：4阶10级
20103,天雷诀,jn20101101,从空中召唤一道雷电攻击一个目标。造成魔法伤害。,101,3,68,20104,1,60000,20000114,2,0,14,600,,0,8,1,100,10000,{'attack_pres':12200|'add_power':450},720,从空中召唤一道雷电攻击一个目标，造成<a color='30ff00'>122%+450点</a>法术伤害。,单体攻击,0.85秒,无,201,1,107,1,,0,0,20000114,升级需求：8阶10级
20104,秘・天雷诀,jn20101101,从空中召唤一道雷电攻击一个目标。造成魔法伤害。,101,4,76,20105,1,75000,20000114,2,0,16,600,,0,8,1,100,10000,{'attack_pres':12400|'add_power':500},720,从空中召唤一道雷电攻击一个目标，造成<a color='30ff00'>124%+500点</a>法术伤害。,单体攻击,0.85秒,无,201,1,107,1,,0,0,22000114,升级需求：12阶10级
20105,秘・天雷诀,jn20101101,从空中召唤一道雷电攻击一个目标。造成魔法伤害。,101,5,84,20106,1,180000,20000114,2,0,18,600,,0,8,1,100,10000,{'attack_pres':12600|'add_power':600},720,从空中召唤一道雷电攻击一个目标，造成<a color='30ff00'>126%+600点</a>法术伤害。,单体攻击,0.85秒,无,201,1,107,1,,0,0,22000114,升级需求：16阶10级
20106,秘・天雷诀,jn20101101,从空中召唤一道雷电攻击一个目标。造成魔法伤害。,101,6,92,20107,1,525000,20000114,2,0,20,600,,0,8,1,100,10000,{'attack_pres':12800|'add_power':700},720,从空中召唤一道雷电攻击一个目标，造成<a color='30ff00'>128%+700点</a>法术伤害。,单体攻击,0.85秒,无,201,1,107,1,,0,0,22000114,升级需求：20阶10级
20107,神・天雷诀,jn20101101,从空中召唤一道雷电攻击一个目标。造成魔法伤害。,101,7,100,20108,1,250000,20000114,2,0,22,600,,0,8,1,100,10000,{'attack_pres':13000|'add_power':800},720,从空中召唤一道雷电攻击一个目标，造成<a color='30ff00'>130%+800点</a>法术伤害。,单体攻击,0.85秒,无,201,1,107,1,,0,0,22000138,升级需求：24阶10级
20108,神・天雷诀,jn20101101,从空中召唤一道雷电攻击一个目标。造成魔法伤害。,101,8,108,20109,1,300000,20000114,2,0,24,600,,0,8,1,100,10000,{'attack_pres':13200|'add_power':900},720,从空中召唤一道雷电攻击一个目标，造成<a color='30ff00'>132%+900点</a>法术伤害。,单体攻击,0.85秒,无,201,1,107,1,,0,0,22000138,升级需求：28阶10级
20109,神・天雷诀,jn20101101,从空中召唤一道雷电攻击一个目标。造成魔法伤害。,101,9,116,0,1,600000,20000114,2,0,26,600,,0,8,1,100,10000,{'attack_pres':13400|'add_power':1000},720,从空中召唤一道雷电攻击一个目标，造成<a color='30ff00'>134%+1000点</a>法术伤害。,单体攻击,0.85秒,无,201,1,107,1,,0,0,22000138,满级
20201,元素盾,jn20201101,使用自身魔力制造一个魔法盾减伤。造成减伤，持续一定时间。,101,1,1,20202,1,12000,20000115,2,0,100,1000,,0,0,0,1,0,{'buff_id':10301},720,使用自身魔力制造一个魔法盾减伤，减伤<a color='30ff00'>44%</a>，持续<a color='30ff00'>120秒</a>。,自身,0.85秒,抵消44%伤害,202,1,108,1,,1,0,20000115,升级需求：2阶10级
20202,元素盾,jn20201101,使用自身魔力制造一个魔法盾减伤。造成减伤，持续一定时间。,101,2,61,20203,1,30000,20000115,2,0,200,1000,,0,0,0,1,0,{'buff_id':10302},720,使用自身魔力制造一个魔法盾减伤，减伤<a color='30ff00'>46%</a>，持续<a color='30ff00'>120秒</a>。,自身,0.85秒,抵消46%伤害,202,1,108,1,,1,0,20000115,升级需求：5阶10级
20203,元素盾,jn20201101,使用自身魔力制造一个魔法盾减伤。造成减伤，持续一定时间。,101,3,69,20204,1,60000,20000115,2,0,300,1000,,0,0,0,1,0,{'buff_id':10303},720,使用自身魔力制造一个魔法盾减伤，减伤<a color='30ff00'>48%</a>，持续<a color='30ff00'>120秒</a>。,自身,0.85秒,抵消48%伤害,202,1,108,1,,1,0,20000115,升级需求：9阶10级
20204,秘・元素盾,jn20201101,使用自身魔力制造一个魔法盾减伤。造成减伤，持续一定时间。,101,4,77,20205,1,75000,20000115,2,0,400,1000,,0,0,0,1,0,{'buff_id':10304},720,使用自身魔力制造一个魔法盾减伤，减伤<a color='30ff00'>50%</a>，持续<a color='30ff00'>120秒</a>。,自身,0.85秒,抵消50%伤害,202,1,108,1,,1,0,22000115,升级需求：13阶10级
20205,秘・元素盾,jn20201101,使用自身魔力制造一个魔法盾减伤。造成减伤，持续一定时间。,101,5,85,20206,1,180000,20000115,2,0,500,1000,,0,0,0,1,0,{'buff_id':10305},720,使用自身魔力制造一个魔法盾减伤，减伤<a color='30ff00'>52%</a>，持续<a color='30ff00'>120秒</a>。,自身,0.85秒,抵消52%伤害,202,1,108,1,,1,0,22000115,升级需求：17阶10级
20206,秘・元素盾,jn20201101,使用自身魔力制造一个魔法盾减伤。造成减伤，持续一定时间。,101,6,93,20207,1,525000,20000115,2,0,600,1000,,0,0,0,1,0,{'buff_id':10306},720,使用自身魔力制造一个魔法盾减伤，减伤<a color='30ff00'>54%</a>，持续<a color='30ff00'>120秒</a>。,自身,0.85秒,抵消54%伤害,202,1,108,1,,1,0,22000115,升级需求：21阶10级
20207,神・元素盾,jn20201101,使用自身魔力制造一个魔法盾减伤。造成减伤，持续一定时间。,101,7,101,20208,1,250000,20000115,2,0,700,1000,,0,0,0,1,0,{'buff_id':10307},720,使用自身魔力制造一个魔法盾减伤，减伤<a color='30ff00'>56%</a>，持续<a color='30ff00'>120秒</a>。,自身,0.85秒,抵消56%伤害,202,1,108,1,,1,0,22000139,升级需求：25阶10级
20208,神・元素盾,jn20201101,使用自身魔力制造一个魔法盾减伤。造成减伤，持续一定时间。,101,8,109,20209,1,300000,20000115,2,0,800,1000,,0,0,0,1,0,{'buff_id':10308},720,使用自身魔力制造一个魔法盾减伤，减伤<a color='30ff00'>58%</a>，持续<a color='30ff00'>120秒</a>。,自身,0.85秒,抵消58%伤害,202,1,108,1,,1,0,22000139,升级需求：29阶10级
20209,神・元素盾,jn20201101,使用自身魔力制造一个魔法盾减伤。造成减伤，持续一定时间。,101,9,117,0,1,600000,20000115,2,0,900,1000,,0,0,0,1,0,{'buff_id':10309},720,使用自身魔力制造一个魔法盾减伤，减伤<a color='30ff00'>60%</a>，持续<a color='30ff00'>120秒</a>。,自身,0.85秒,抵消60%伤害,202,1,108,1,,1,0,22000139,满级
20301,控火术,jn20301101,在目标区域召唤出火焰，持续攻击多个目标。造成魔法伤害，持续一定时间，不可叠加。,101,1,1,20302,1,12000,20000117,2,0,10,1000,,0,8,5,100,10000,{'attack_pres':4000|'add_power':60|'attack_duration':20000|'attack_gap':1000},720,在目标区域召唤出火焰，持续攻击多个目标，每秒造成<a color='30ff00'>40%+600点</a>法术伤害，持续<a color='30ff00'>20秒</a>。,目标坐标3*3十字架,0.85秒,站在火墙上会造成持续伤害，持续35秒,203,1,109,1,,1,0,20000117,升级需求：3阶5级
20302,控火术,jn20301101,在目标区域召唤出火焰，持续攻击多个目标。造成魔法伤害，持续一定时间，不可叠加。,101,2,62,20303,1,30000,20000117,2,0,11,1000,,0,8,5,100,10000,{'attack_pres':4200|'add_power':120|'attack_duration':21000|'attack_gap':1000},720,在目标区域召唤出火焰，持续攻击多个目标，每秒造成<a color='30ff00'>42%+120点</a>法术伤害，持续<a color='30ff00'>21秒</a>。,目标坐标3*3十字架,0.85秒,站在火墙上会造成持续伤害，持续40秒,203,1,109,1,,1,0,20000117,升级需求：6阶10级
20303,控火术,jn20301101,在目标区域召唤出火焰，持续攻击多个目标。造成魔法伤害，持续一定时间，不可叠加。,101,3,70,20304,1,60000,20000117,2,0,12,1000,,0,8,5,100,10000,{'attack_pres':4500|'add_power':180|'attack_duration':22000|'attack_gap':1000},720,在目标区域召唤出火焰，持续攻击多个目标，每秒造成<a color='30ff00'>45%+180点</a>法术伤害，持续<a color='30ff00'>22秒</a>。,目标坐标3*3十字架,0.85秒,站在火墙上会造成持续伤害，持续45秒,203,1,109,1,,1,0,20000117,升级需求：10阶10级
20304,秘・控火术,jn20301101,在目标区域召唤出火焰，持续攻击多个目标。造成魔法伤害，持续一定时间，不可叠加。,101,4,78,20305,1,75000,20000117,2,0,13,1000,,0,8,5,100,10000,{'attack_pres':5000|'add_power':225|'attack_duration':23000|'attack_gap':1000},720,在目标区域召唤出火焰，持续攻击多个目标，每秒造成<a color='30ff00'>50%+225点</a>法术伤害，持续<a color='30ff00'>23秒</a>。,目标坐标3*3十字架,0.85秒,站在火墙上会造成持续伤害，持续50秒,203,1,109,1,,1,0,22000116,升级需求：14阶10级
20305,秘・控火术,jn20301101,在目标区域召唤出火焰，持续攻击多个目标。造成魔法伤害，持续一定时间，不可叠加。,101,5,86,20306,1,180000,20000117,2,0,14,1000,,0,8,5,100,10000,{'attack_pres':5200|'add_power':325|'attack_duration':24000|'attack_gap':1000},720,在目标区域召唤出火焰，持续攻击多个目标，每秒造成<a color='30ff00'>52%+325点</a>法术伤害，持续<a color='30ff00'>24秒</a>。,目标坐标3*3十字架,0.85秒,站在火墙上会造成持续伤害，持续55秒,203,1,109,1,,1,0,22000116,升级需求：18阶10级
20306,秘・控火术,jn20301101,在目标区域召唤出火焰，持续攻击多个目标。造成魔法伤害，持续一定时间，不可叠加。,101,6,94,20307,1,525000,20000117,2,0,15,1000,,0,8,5,100,10000,{'attack_pres':5500|'add_power':425|'attack_duration':25000|'attack_gap':1000},720,在目标区域召唤出火焰，持续攻击多个目标，每秒造成<a color='30ff00'>55%+425点</a>法术伤害，持续<a color='30ff00'>25秒</a>。,目标坐标3*3十字架,0.85秒,站在火墙上会造成持续伤害，持续60秒,203,1,109,1,,1,0,22000116,升级需求：22阶10级
20307,神・控火术,jn20301101,在目标区域召唤出火焰，持续攻击多个目标。造成魔法伤害，持续一定时间，不可叠加。,101,7,102,20308,1,250000,20000117,2,0,16,1000,,0,8,5,100,10000,{'attack_pres':6000|'add_power':600|'attack_duration':28000|'attack_gap':1000},720,在目标区域召唤出火焰，持续攻击多个目标，每秒造成<a color='30ff00'>60%+600点</a>法术伤害，持续<a color='30ff00'>28秒</a>。,目标坐标3*3十字架,0.85秒,站在火墙上会造成持续伤害，持续65秒,203,1,109,1,,1,0,22000140,升级需求：26阶10级
20308,神・控火术,jn20301101,在目标区域召唤出火焰，持续攻击多个目标。造成魔法伤害，持续一定时间，不可叠加。,101,8,110,20309,1,300000,20000117,2,0,17,1000,,0,8,5,100,10000,{'attack_pres':6500|'add_power':750|'attack_duration':30000|'attack_gap':1000},720,在目标区域召唤出火焰，持续攻击多个目标，每秒造成<a color='30ff00'>65%+750点</a>法术伤害，持续<a color='30ff00'>30秒</a>。,目标坐标3*3十字架,0.85秒,站在火墙上会造成持续伤害，持续70秒,203,1,109,1,,1,0,22000140,升级需求：30阶10级
20309,神・控火术,jn20301101,在目标区域召唤出火焰，持续攻击多个目标。造成魔法伤害，持续一定时间，不可叠加。,101,9,118,0,1,600000,20000117,2,0,18,1000,,0,8,5,100,10000,{'attack_pres':7000|'add_power':900|'attack_duration':35000|'attack_gap':1000},720,在目标区域召唤出火焰，持续攻击多个目标，每秒造成<a color='30ff00'>70%+900点</a>法术伤害，持续<a color='30ff00'>35秒</a>。,目标坐标3*3十字架,0.85秒,站在火墙上会造成持续伤害，持续75秒,203,1,109,1,,1,0,22000140,满级
20401,游龙诀,jn20401101,召唤一条冰龙，攻击直线上六个目标。造成125%+250魔法伤害，并使其冰冻0.3秒。,101,1,1,20402,1,12000,20000116,2,0,100,2000,,1,8,6,100,10000,{'attack_pres':12500|'add_power':250|'buff_id':11101|'buff_time':1000},620,召唤一条冰龙，攻击直线上六个目标，造成<a color='30ff00'>125%+250点</a>法术伤害，并使其冰冻<a color='30ff00'>1秒</a>。,正前方六格单位,0.85秒,无,204,8,110,1,,0,0,20000116,
20402,游龙诀,jn20401101,召唤一条冰龙，攻击直线上六个目标。造成125%+400魔法伤害，并使其冰冻0.3秒。,101,2,63,20403,1,30000,20000116,2,0,120,2000,,1,8,6,100,10000,{'attack_pres':12800|'add_power':400|'buff_id':11101|'buff_time':1200},620,召唤一条冰龙，攻击直线上六个目标，造成<a color='30ff00'>128%+400点</a>法术伤害，并使其冰冻<a color='30ff00'>1.2秒</a>。,正前方六格单位,0.85秒,无,204,8,110,1,,0,0,20000116,
20403,游龙诀,jn20401101,召唤一条冰龙，攻击直线上六个目标。造成125%+650魔法伤害，并使其冰冻0.3秒。,101,3,71,20404,1,60000,20000116,2,0,140,2000,,1,8,6,100,10000,{'attack_pres':13000|'add_power':650|'buff_id':11101|'buff_time':1400},620,召唤一条冰龙，攻击直线上六个目标，造成<a color='30ff00'>130%+650点</a>法术伤害，并使其冰冻<a color='30ff00'>1.4秒</a>。,正前方六格单位,0.85秒,无,204,8,110,1,,0,0,20000116,
20404,秘・游龙诀,jn20401101,召唤一条冰龙，攻击直线上六个目标。造成135%+750魔法伤害，并使其冰冻0.5秒。,101,4,79,20405,1,75000,20000116,2,0,160,2000,,1,8,6,100,10000,{'attack_pres':13200|'add_power':750|'buff_id':11101|'buff_time':1600},620,召唤一条冰龙，攻击直线上六个目标，造成<a color='30ff00'>132%+750点</a>法术伤害，并使其冰冻<a color='30ff00'>1.6秒</a>。,正前方六格单位,0.85秒,无,204,8,110,1,,0,0,22000117,
20405,秘・游龙诀,jn20401101,召唤一条冰龙，攻击直线上六个目标。造成135%+850魔法伤害，并使其冰冻0.5秒。,101,5,87,20406,1,180000,20000116,2,0,180,2000,,1,8,6,100,10000,{'attack_pres':13500|'add_power':850|'buff_id':11101|'buff_time':1800},620,召唤一条冰龙，攻击直线上六个目标，造成<a color='30ff00'>135%+850点</a>法术伤害，并使其冰冻<a color='30ff00'>1.8秒</a>。,正前方六格单位,0.85秒,无,204,8,110,1,,0,0,22000117,
20406,秘・游龙诀,jn20401101,召唤一条冰龙，攻击直线上六个目标。造成135%+950魔法伤害，并使其冰冻0.5秒。,101,6,95,20407,1,525000,20000116,2,0,200,2000,,1,8,6,100,10000,{'attack_pres':13800|'add_power':950|'buff_id':11101|'buff_time':2000},620,召唤一条冰龙，攻击直线上六个目标，造成<a color='30ff00'>138%+950点</a>法术伤害，并使其冰冻<a color='30ff00'>2秒</a>。,正前方六格单位,0.85秒,无,204,8,110,1,,0,0,22000117,
20407,神・游龙诀,jn20401101,召唤一条冰龙，攻击直线上六个目标。造成145%+110魔法伤害，并使其冰冻0.8秒。,101,7,103,20408,1,250000,20000116,2,0,220,2000,,1,8,6,100,10000,{'attack_pres':14000|'add_power':1100|'buff_id':11101|'buff_time':2200},620,召唤一条冰龙，攻击直线上六个目标，造成<a color='30ff00'>140%+1100点</a>法术伤害，并使其冰冻<a color='30ff00'>2.2秒</a>。,正前方六格单位,0.85秒,无,204,8,110,1,,0,0,22000141,
20408,神・游龙诀,jn20401101,召唤一条冰龙，攻击直线上六个目标。造成145%+120魔法伤害，并使其冰冻0.8秒。,101,8,111,20409,1,300000,20000116,2,0,240,2000,,1,8,6,100,10000,{'attack_pres':14200|'add_power':1200|'buff_id':11101|'buff_time':2400},620,召唤一条冰龙，攻击直线上六个目标，造成<a color='30ff00'>142%+1200点</a>法术伤害，并使其冰冻<a color='30ff00'>2.4秒</a>。,正前方六格单位,0.85秒,无,204,8,110,1,,0,0,22000141,
20409,神・游龙诀,jn20401101,召唤一条冰龙，攻击直线上六个目标。造成145%+130魔法伤害，并使其冰冻0.8秒。,101,9,119,0,1,600000,20000116,2,0,260,2000,,1,8,6,100,10000,{'attack_pres':14500|'add_power':1300|'buff_id':11101|'buff_time':2600},620,召唤一条冰龙，攻击直线上六个目标，造成<a color='30ff00'>145%+1300点</a>法术伤害，并使其冰冻<a color='30ff00'>2.6秒</a>。,正前方六格单位,0.85秒,无,204,8,110,1,,0,0,22000141,
20501,冰风暴,jn20501101,召唤强力的暴风雪，攻击3*3区域内多个目标。造成魔法伤害。,101,1,1,20502,1,12000,20000119,2,0,80,600,,0,8,3,100,10000,{'attack_pres':5500|'add_power':100|'shape':2|'range':3},620,召唤强力的暴风雪，攻击3*3区域内多个目标，造成<a color='30ff00'>55%+100点</a>法术伤害。,目标坐标3*3范围,0.85秒,无,205,1,111,1,,1,0,20000119,升级需求：3阶10级
20502,冰风暴,jn20501101,召唤强力的暴风雪，攻击3*3区域内多个目标。造成魔法伤害。,101,2,64,20503,1,30000,20000119,2,0,90,600,,0,8,3,100,10000,{'attack_pres':6000|'add_power':200|'shape':2|'range':3},620,召唤强力的暴风雪，攻击3*3区域内多个目标，造成<a color='30ff00'>60%+200点</a>法术伤害。,目标坐标3*3范围,0.85秒,无,205,1,111,1,,1,0,20000119,升级需求：7阶10级
20503,冰风暴,jn20501101,召唤强力的暴风雪，攻击3*3区域内多个目标。造成魔法伤害。,101,3,72,20504,1,60000,20000119,2,0,100,600,,0,8,3,100,10000,{'attack_pres':6500|'add_power':300|'shape':2|'range':3},620,召唤强力的暴风雪，攻击3*3区域内多个目标，造成<a color='30ff00'>65%+300点</a>法术伤害。,目标坐标3*3范围,0.85秒,无,205,1,111,1,,1,0,20000119,升级需求：11阶10级
20504,秘・冰风暴,jn20501101,召唤强力的暴风雪，攻击3*3区域内多个目标。造成魔法伤害。,101,4,80,20505,1,75000,20000119,2,0,110,600,,0,8,3,100,10000,{'attack_pres':7000|'add_power':400|'shape':2|'range':3},620,召唤强力的暴风雪，攻击3*3区域内多个目标，造成<a color='30ff00'>70%+400点</a>法术伤害。,目标坐标3*3范围,0.85秒,无,205,1,111,1,,1,0,22000118,升级需求：15阶10级
20505,秘・冰风暴,jn20501101,召唤强力的暴风雪，攻击3*3区域内多个目标。造成魔法伤害。,101,5,88,20506,1,180000,20000119,2,0,120,600,,0,8,3,100,10000,{'attack_pres':7500|'add_power':500|'shape':2|'range':3},620,召唤强力的暴风雪，攻击3*3区域内多个目标，造成<a color='30ff00'>75%+500点</a>法术伤害。,目标坐标3*3范围,0.85秒,无,205,1,111,1,,1,0,22000118,升级需求：19阶10级
20506,秘・冰风暴,jn20501101,召唤强力的暴风雪，攻击3*3区域内多个目标。造成魔法伤害。,101,6,96,20507,1,525000,20000119,2,0,130,600,,0,8,3,100,10000,{'attack_pres':8000|'add_power':600|'shape':2|'range':3},620,召唤强力的暴风雪，攻击3*3区域内多个目标，造成<a color='30ff00'>80%+600点</a>法术伤害。,目标坐标3*3范围,0.85秒,无,205,1,111,1,,1,0,22000118,升级需求：23阶10级
20507,神・冰风暴,jn20501101,召唤强力的暴风雪，攻击3*3区域内多个目标。造成魔法伤害。,101,7,104,20508,1,250000,20000119,2,0,140,600,,0,8,3,100,10000,{'attack_pres':9000|'add_power':700|'shape':2|'range':3},620,召唤强力的暴风雪，攻击3*3区域内多个目标，造成<a color='30ff00'>90%+700点</a>法术伤害。,目标坐标3*3范围,0.85秒,无,205,1,111,1,,1,0,22000142,升级需求：27阶10级
20508,神・冰风暴,jn20501101,召唤强力的暴风雪，攻击3*3区域内多个目标。造成魔法伤害。,101,8,112,20509,1,300000,20000119,2,0,150,600,,0,8,3,100,10000,{'attack_pres':9500|'add_power':800|'shape':2|'range':3},620,召唤强力的暴风雪，攻击3*3区域内多个目标，造成<a color='30ff00'>95%+800点</a>法术伤害。,目标坐标3*3范围,0.85秒,无,205,1,111,1,,1,0,22000142,升级需求：31阶10级
20509,神・冰风暴,jn20501101,召唤强力的暴风雪，攻击3*3区域内多个目标。造成魔法伤害。,101,9,120,0,1,600000,20000119,2,0,160,600,,0,8,3,100,10000,{'attack_pres':1000|'add_power':900|'shape':2|'range':3},620,召唤强力的暴风雪，攻击3*3区域内多个目标，造成<a color='30ff00'>100%+900点</a>法术伤害。,目标坐标3*3范围,0.85秒,无,205,1,111,1,,1,0,22000142,满级
20601,元素光环,jn20601101,召唤一道火环，推开低于自身等级的目标。推开对方一定距离。,101,1,1,20602,1,12000,20000118,2,0,50,10000,,0,0,2,100,0,{'range':2},720,召唤一道元素光环，将低于自身重生/等级的目标推离自身<a color='30ff00'>2格</a>距离外，优先判定重生等级，冷却时间<a color='30ff00'>6秒</a>。,以角色为中心3*3范围,6秒,推开低重生/等级目标一定距离,206,1,112,1,,0,0,20000118,
20602,元素光环,jn20601101,召唤一道火环，推开低于自身等级的目标。推开对方一定距离。,101,2,65,20603,1,30000,20000118,2,0,60,10000,,0,0,2,100,0,{'range':2},720,召唤一道元素光环，将低于自身重生/等级的目标推离自身<a color='30ff00'>2格</a>距离外，优先判定重生等级，冷却时间<a color='30ff00'>5.5秒</a>。,以角色为中心3*3范围,5.5秒,推开低重生/等级目标一定距离,206,1,112,1,,0,0,20000118,
20603,元素光环,jn20601101,召唤一道火环，推开低于自身等级的目标。推开对方一定距离。,101,3,73,20604,1,60000,20000118,2,0,70,10000,,0,0,2,100,0,{'range':2},720,召唤一道元素光环，将低于自身重生/等级的目标推离自身<a color='30ff00'>2格</a>距离外，优先判定重生等级，冷却时间<a color='30ff00'>5秒</a>。,以角色为中心3*3范围,5秒,推开低重生/等级目标一定距离,206,1,112,1,,0,0,20000118,
20604,秘・元素光环,jn20601101,召唤一道火环，推开低于自身等级的目标。推开对方一定距离。,101,4,81,20605,1,75000,20000118,2,0,80,10000,,0,0,3,100,0,{'range':3},720,召唤一道元素光环，将低于自身重生/等级的目标推离自身<a color='30ff00'>3格</a>距离外，优先判定重生等级，冷却时间<a color='30ff00'>4.5秒</a>。,以角色为中心3*3范围,4.5秒,推开低重生/等级目标一定距离,206,1,112,1,,0,0,22000119,
20605,秘・元素光环,jn20601101,召唤一道火环，推开低于自身等级的目标。推开对方一定距离。,101,5,89,20606,1,180000,20000118,2,0,90,10000,,0,0,3,100,0,{'range':3},720,召唤一道元素光环，将低于自身重生/等级的目标推离自身<a color='30ff00'>3格</a>距离外，优先判定重生等级，冷却时间<a color='30ff00'>4秒</a>。,以角色为中心3*3范围,4秒,推开低重生/等级目标一定距离,206,1,112,1,,0,0,22000119,
20606,秘・元素光环,jn20601101,召唤一道火环，推开低于自身等级的目标。推开对方一定距离。,101,6,97,20607,1,525000,20000118,2,0,100,10000,,0,0,3,100,0,{'range':3},720,召唤一道元素光环，将低于自身重生/等级的目标推离自身<a color='30ff00'>3格</a>距离外，优先判定重生等级，冷却时间<a color='30ff00'>3.5秒</a>。,以角色为中心3*3范围,3.5秒,推开低重生/等级目标一定距离,206,1,112,1,,0,0,22000119,
20607,神・元素光环,jn20601101,召唤一道火环，推开低于自身等级的目标。推开对方一定距离。,101,7,105,20608,1,250000,20000118,2,0,110,10000,,0,0,4,100,0,{'range':4},720,召唤一道元素光环，将低于自身重生/等级的目标推离自身<a color='30ff00'>4格</a>距离外，优先判定重生等级，冷却时间<a color='30ff00'>3秒</a>。,以角色为中心3*3范围,3秒,推开低重生/等级目标一定距离,206,1,112,1,,0,0,22000143,
20608,神・元素光环,jn20601101,召唤一道火环，推开低于自身等级的目标。推开对方一定距离。,101,8,113,20609,1,300000,20000118,2,0,120,10000,,0,0,4,100,0,{'range':4},720,召唤一道元素光环，将低于自身重生/等级的目标推离自身<a color='30ff00'>4格</a>距离外，优先判定重生等级，冷却时间<a color='30ff00'>2.5秒</a>。,以角色为中心3*3范围,2.5秒,推开低重生/等级目标一定距离,206,1,112,1,,0,0,22000143,
20609,神・元素光环,jn20601101,召唤一道火环，推开低于自身等级的目标。推开对方一定距离。,101,9,121,0,1,600000,20000118,2,0,130,10000,,0,0,4,100,0,{'range':4},720,召唤一道元素光环，将低于自身重生/等级的目标推离自身<a color='30ff00'>4格</a>距离外，优先判定重生等级，冷却时间<a color='30ff00'>2秒</a>。,以角色为中心3*3范围,2秒,推开低重生/等级目标一定距离,206,1,112,1,,0,0,22000143,
20701,流星火雨,jn20701101,召唤一阵猛烈的火雨，攻击5*5区域内多个目标。造成魔法伤害。,101,1,1,20702,1,12000,20000217,2,0,80,20000,,0,8,5,100,10000,{'attack_pres':8000|'add_power':100|'shape':2|'range':5|'attack_duration':500|'attack_gap':250},720,召唤一阵猛烈的火雨，攻击5*5区域内多个目标，造成<a color='30ff00'>3次80%+100点</a>法术伤害。,目标坐标3*3范围,20秒,攻击3次,207,1,113,1,,1,0,20000217,
20702,流星火雨,jn20701101,召唤一阵猛烈的火雨，攻击5*5区域内多个目标。造成魔法伤害。,101,2,66,20703,1,30000,20000217,2,0,160,20000,,0,8,5,100,10000,{'attack_pres':8600|'add_power':200|'shape':2|'range':5|'attack_duration':500|'attack_gap':250},720,召唤一阵猛烈的火雨，攻击5*5区域内多个目标，造成<a color='30ff00'>3次86%+200点</a>法术伤害。,目标坐标3*3范围,20秒,攻击3次,207,1,113,1,,1,0,20000217,
20703,流星火雨,jn20701101,召唤一阵猛烈的火雨，攻击5*5区域内多个目标。造成魔法伤害。,101,3,74,20704,1,60000,20000217,2,0,240,20000,,0,8,5,100,10000,{'attack_pres':9400|'add_power':300|'shape':2|'range':5|'attack_duration':500|'attack_gap':250},720,召唤一阵猛烈的火雨，攻击5*5区域内多个目标，造成<a color='30ff00'>3次94%+300点</a>法术伤害。,目标坐标3*3范围,20秒,攻击3次,207,1,113,1,,1,0,20000217,
20704,秘・流星火雨,jn20701101,召唤一阵猛烈的火雨，攻击5*5区域内多个目标。造成魔法伤害。,101,4,82,20705,1,75000,20000217,2,0,320,20000,,0,8,5,100,10000,{'attack_pres':10000|'add_power':450|'shape':2|'range':5|'attack_duration':500|'attack_gap':250},720,召唤一阵猛烈的火雨，攻击5*5区域内多个目标，造成<a color='30ff00'>3次100%+450点</a>法术伤害。,目标坐标3*3范围,20秒,攻击3次,207,1,113,1,,1,0,22000120,
20705,秘・流星火雨,jn20701101,召唤一阵猛烈的火雨，攻击5*5区域内多个目标。造成魔法伤害。,101,5,90,20706,1,180000,20000217,2,0,400,20000,,0,8,5,100,10000,{'attack_pres':10500|'add_power':650|'shape':2|'range':5|'attack_duration':500|'attack_gap':250},720,召唤一阵猛烈的火雨，攻击5*5区域内多个目标，造成<a color='30ff00'>3次105%+600点</a>法术伤害。,目标坐标3*3范围,20秒,攻击3次,207,1,113,1,,1,0,22000120,
20706,秘・流星火雨,jn20701101,召唤一阵猛烈的火雨，攻击5*5区域内多个目标。造成魔法伤害。,101,6,98,20707,1,525000,20000217,2,0,480,20000,,0,8,5,100,10000,{'attack_pres':11000|'add_power':750|'shape':2|'range':5|'attack_duration':500|'attack_gap':250},720,召唤一阵猛烈的火雨，攻击5*5区域内多个目标，造成<a color='30ff00'>3次110%+750点</a>法术伤害。,目标坐标3*3范围,20秒,攻击3次,207,1,113,1,,1,0,22000120,
20707,神・流星火雨,jn20701101,召唤一阵猛烈的火雨，攻击5*5区域内多个目标。造成魔法伤害。,101,7,106,20708,1,250000,20000217,2,0,560,20000,,0,8,5,100,10000,{'attack_pres':11500|'add_power':950|'shape':2|'range':5|'attack_duration':500|'attack_gap':250},720,召唤一阵猛烈的火雨，攻击5*5区域内多个目标，造成<a color='30ff00'>3次115%+950点</a>法术伤害。,目标坐标3*3范围,20秒,攻击3次,207,1,113,1,,1,0,22000144,
20708,神・流星火雨,jn20701101,召唤一阵猛烈的火雨，攻击5*5区域内多个目标。造成魔法伤害。,101,8,114,20709,1,300000,20000217,2,0,640,20000,,0,8,5,100,10000,{'attack_pres':12000|'add_power':1150|'shape':2|'range':5|'attack_duration':500|'attack_gap':250},720,召唤一阵猛烈的火雨，攻击5*5区域内多个目标，造成<a color='30ff00'>3次120%+1150点</a>法术伤害。,目标坐标3*3范围,20秒,攻击3次,207,1,113,1,,1,0,22000144,
20709,神・流星火雨,jn20701101,召唤一阵猛烈的火雨，攻击5*5区域内多个目标。造成魔法伤害。,101,9,122,0,1,600000,20000217,2,0,720,20000,,0,8,5,100,10000,{'attack_pres':12500|'add_power':1350|'shape':2|'range':5|'attack_duration':500|'attack_gap':250},720,召唤一阵猛烈的火雨，攻击5*5区域内多个目标，造成<a color='30ff00'>3次125%+1350点</a>法术伤害。,目标坐标3*3范围,20秒,攻击3次,207,1,113,1,,1,0,22000144,
20801,斗转星移,jn20701102,操纵空间之力瞬移到距离为3的位置，并对落地点周围目标造成110%魔法攻击伤害，并使其减速4秒,101,1,1,20802,1,12000,20000312,2,0,100,26000,,1,0,1,100,10000,{'attack_pres':5000|'buff_time':4000|'buff_id':10901|'dis':3},720,操纵空间之力瞬移到3格内的任意位置，并对落地点周围目标造成<a color='30ff00'>50%</a>魔法攻击伤害，并使其减速4秒,目标坐标3*3范围,1秒,无,208,1,129,1,,0,0,20000312,
20802,斗转星移,jn20701102,操纵空间之力瞬移到距离为3的位置，并对落地点周围目标造成110%魔法攻击伤害，并使其减速4秒,101,2,67,20803,1,30000,20000312,2,0,100,26000,,1,0,1,100,10000,{'attack_pres':5500|'buff_time':4000|'buff_id':10901|'dis':3},720,操纵空间之力瞬移到3格内的任意位置，并对落地点周围目标造成<a color='30ff00'>55%</a>魔法攻击伤害，并使其减速4秒,目标坐标3*3范围,1秒,无,208,1,129,1,,0,0,20000312,
20803,斗转星移,jn20701102,操纵空间之力瞬移到距离为3的位置，并对落地点周围目标造成110%魔法攻击伤害，并使其减速4秒,101,3,75,20804,1,60000,20000312,2,0,100,26000,,1,0,1,100,10000,{'attack_pres':6000|'buff_time':4000|'buff_id':10901|'dis':3},720,操纵空间之力瞬移到3格内的任意位置，并对落地点周围目标造成<a color='30ff00'>60%</a>魔法攻击伤害，并使其减速4秒,目标坐标3*3范围,1秒,无,208,1,129,1,,0,0,20000312,
20804,秘・斗转星移,jn20701102,操纵空间之力瞬移到距离为3的位置，并对落地点周围目标造成110%魔法攻击伤害，并使其减速4秒,101,4,83,20805,1,75000,20000312,2,0,100,26000,,1,0,1,100,10000,{'attack_pres':6500|'buff_time':4000|'buff_id':10901|'dis':3},720,操纵空间之力瞬移到3格内的任意位置，并对落地点周围目标造成<a color='30ff00'>65%</a>魔法攻击伤害，并使其减速4秒,目标坐标3*3范围,1秒,无,208,1,129,1,,0,0,22000121,
20805,秘・斗转星移,jn20701102,操纵空间之力瞬移到距离为3的位置，并对落地点周围目标造成110%魔法攻击伤害，并使其减速4秒,101,5,91,20806,1,180000,20000312,2,0,100,26000,,1,0,1,100,10000,{'attack_pres':7000|'buff_time':4000|'buff_id':10901|'dis':3},720,操纵空间之力瞬移到3格内的任意位置，并对落地点周围目标造成<a color='30ff00'>70%</a>魔法攻击伤害，并使其减速4秒,目标坐标3*3范围,1秒,无,208,1,129,1,,0,0,22000121,
20806,秘・斗转星移,jn20701102,操纵空间之力瞬移到距离为3的位置，并对落地点周围目标造成110%魔法攻击伤害，并使其减速4秒,101,6,99,20807,1,525000,20000312,2,0,100,26000,,1,0,1,100,10000,{'attack_pres':7500|'buff_time':4000|'buff_id':10901|'dis':3},720,操纵空间之力瞬移到3格内的任意位置，并对落地点周围目标造成<a color='30ff00'>75%</a>魔法攻击伤害，并使其减速4秒,目标坐标3*3范围,1秒,无,208,1,129,1,,0,0,22000121,
20807,神・斗转星移,jn20701102,操纵空间之力瞬移到距离为3的位置，并对落地点周围目标造成110%魔法攻击伤害，并使其减速4秒,101,7,107,20808,1,250000,20000312,2,0,100,26000,,1,0,1,100,10000,{'attack_pres':8000|'buff_time':4000|'buff_id':10901|'dis':3},720,操纵空间之力瞬移到3格内的任意位置，并对落地点周围目标造成<a color='30ff00'>80%</a>魔法攻击伤害，并使其减速4秒,目标坐标3*3范围,1秒,无,208,1,129,1,,0,0,22000145,
20808,神・斗转星移,jn20701102,操纵空间之力瞬移到距离为3的位置，并对落地点周围目标造成110%魔法攻击伤害，并使其减速4秒,101,8,115,20809,1,300000,20000312,2,0,100,26000,,1,0,1,100,10000,{'attack_pres':8500|'buff_time':4000|'buff_id':10901|'dis':3},720,操纵空间之力瞬移到3格内的任意位置，并对落地点周围目标造成<a color='30ff00'>85%</a>魔法攻击伤害，并使其减速4秒,目标坐标3*3范围,1秒,无,208,1,129,1,,0,0,22000145,
20809,神・斗转星移,jn20701102,操纵空间之力瞬移到距离为3的位置，并对落地点周围目标造成110%魔法攻击伤害，并使其减速4秒,101,9,123,0,1,600000,20000312,2,0,100,26000,,1,0,1,100,10000,{'attack_pres':9000|'buff_time':4000|'buff_id':10901|'dis':3},720,操纵空间之力瞬移到3格内的任意位置，并对落地点周围目标造成<a color='30ff00'>90%</a>魔法攻击伤害，并使其减速4秒,目标坐标3*3范围,1秒,无,208,1,129,1,,0,0,22000145,
30001,普通攻击,jn30001102,普通攻击,102,1,1,0,1,0,0,3,0,0,600,,1,8,1,1,10000,{'attack_pres':10000},620,造成<a color='30ff00'>100%+0点</a>道术伤害,单体攻击,0.85秒,无,300,1,114,1,,0,0,,
30101,玄宗符术,jn30101102,将强大的精神力附着符咒上，攻击单体目标。造成道术伤害。,102,1,1,30102,1,12000,20000120,3,0,10,600,,1,8,1,100,10000,{'attack_pres':11200|'add_power':180},720,将强大的精神力附着符咒上，攻击单体目标，造成<a color='30ff00'>112%+180点</a>道术伤害。,单体攻击,0.85秒,无,301,8,115,1,,0,0,20000120,升级需求：2阶5级
30102,玄宗符术,jn30101102,将强大的精神力附着符咒上，攻击单体目标。造成道术伤害。,102,2,60,30103,1,30000,20000120,3,0,12,600,,1,8,1,100,10000,{'attack_pres':11400|'add_power':280},720,将强大的精神力附着符咒上，攻击单体目标，造成<a color='30ff00'>114%+280点</a>道术伤害。,单体攻击,0.85秒,无,301,8,115,1,,0,0,20000120,升级需求：4阶10级
30103,玄宗符术,jn30101102,将强大的精神力附着符咒上，攻击单体目标。造成道术伤害。,102,3,68,30104,1,60000,20000120,3,0,14,600,,1,8,1,100,10000,{'attack_pres':11600|'add_power':380},720,将强大的精神力附着符咒上，攻击单体目标，造成<a color='30ff00'>116%+380点</a>道术伤害。,单体攻击,0.85秒,无,301,8,115,1,,0,0,20000120,升级需求：8阶10级
30104,秘・玄宗符术,jn30101102,将强大的精神力附着符咒上，攻击单体目标。造成道术伤害。,102,4,76,30105,1,75000,20000120,3,0,16,600,,1,8,1,100,10000,{'attack_pres':12000|'add_power':450},720,将强大的精神力附着符咒上，攻击单体目标，造成<a color='30ff00'>120%+450点</a>道术伤害。,单体攻击,0.85秒,无,301,8,115,1,,0,0,22000122,升级需求：12阶10级
30105,秘・玄宗符术,jn30101102,将强大的精神力附着符咒上，攻击单体目标。造成道术伤害。,102,5,84,30106,1,180000,20000120,3,0,18,600,,1,8,1,100,10000,{'attack_pres':12200|'add_power':550},720,将强大的精神力附着符咒上，攻击单体目标，造成<a color='30ff00'>122%+550点</a>道术伤害。,单体攻击,0.85秒,无,301,8,115,1,,0,0,22000122,升级需求：16阶10级
30106,秘・玄宗符术,jn30101102,将强大的精神力附着符咒上，攻击单体目标。造成道术伤害。,102,6,92,30107,1,525000,20000120,3,0,20,600,,1,8,1,100,10000,{'attack_pres':12400|'add_power':650},720,将强大的精神力附着符咒上，攻击单体目标，造成<a color='30ff00'>124%+650点</a>道术伤害。,单体攻击,0.85秒,无,301,8,115,1,,0,0,22000122,升级需求：20阶10级
30107,神・玄宗符术,jn30101102,将强大的精神力附着符咒上，攻击单体目标。造成道术伤害。,102,7,100,30108,1,250000,20000120,3,0,22,600,,1,8,1,100,10000,{'attack_pres':12800|'add_power':780},720,将强大的精神力附着符咒上，攻击单体目标，造成<a color='30ff00'>128%+780点</a>道术伤害。,单体攻击,0.85秒,无,301,8,115,1,,0,0,22000146,升级需求：24阶10级
30108,神・玄宗符术,jn30101102,将强大的精神力附着符咒上，攻击单体目标。造成道术伤害。,102,8,108,30109,1,300000,20000120,3,0,24,600,,1,8,1,100,10000,{'attack_pres':13000|'add_power':880},720,将强大的精神力附着符咒上，攻击单体目标，造成<a color='30ff00'>130%+880点</a>道术伤害。,单体攻击,0.85秒,无,301,8,115,1,,0,0,22000146,升级需求：28阶10级
30109,神・玄宗符术,jn30101102,将强大的精神力附着符咒上，攻击单体目标。造成道术伤害。,102,9,116,0,1,600000,20000120,3,0,26,600,,1,8,1,100,10000,{'attack_pres':13500|'add_power':980},720,将强大的精神力附着符咒上，攻击单体目标，造成<a color='30ff00'>135%+980点</a>道术伤害。,单体攻击,0.85秒,无,301,8,115,1,,0,0,22000146,满级
30201,施毒术,jn30201102,撒出剧毒蛊粉，对范围内的目标持续造成伤害，并降低对方双抗，持续一定时间，不可叠加。,102,1,1,30202,1,12000,20000123,3,0,200,1000,,1,8,3,100,0,{'attack_pres':1000|'add_power':20|'buff_id':10401},720,撒出剧毒蛊粉，对范围内的目标持续造成伤害，每秒造成<a color='30ff00'>10%+20点</a>道术伤害，并降低对方<a color='30ff00'>1%</a>魔法和物理防御，持续<a color='30ff00'>10秒</a>，不可叠加。,目标坐标3*3范围,0.85秒,一定时间内持续造成伤害，减少目标范围双抗,302,1,116,1,,1,0,20000123,升级需求：2阶10级
30202,施毒术,jn30201102,撒出剧毒蛊粉，对范围内的目标持续造成伤害，并降低对方双抗，持续一定时间，不可叠加。,102,2,61,30203,1,30000,20000123,3,0,215,1000,,1,8,3,100,0,{'attack_pres':1100|'add_power':40|'buff_id':10402},720,撒出剧毒蛊粉，对范围内的目标持续造成伤害，每秒造成<a color='30ff00'>11%+40点</a>道术伤害，并降低对方<a color='30ff00'>2%</a>魔法和物理防御，持续<a color='30ff00'>10秒</a>，不可叠加。,目标坐标3*3范围,0.85秒,一定时间内持续造成伤害，减少目标范围双抗,302,1,116,1,,1,0,20000123,升级需求：5阶10级
30203,施毒术,jn30201102,撒出剧毒蛊粉，对范围内的目标持续造成伤害，并降低对方双抗，持续一定时间，不可叠加。,102,3,69,30204,1,60000,20000123,3,0,230,1000,,1,8,3,100,0,{'attack_pres':1200|'add_power':60|'buff_id':10403},720,撒出剧毒蛊粉，对范围内的目标持续造成伤害，每秒造成<a color='30ff00'>12%+60点</a>道术伤害，并降低对方<a color='30ff00'>3%</a>魔法和物理防御，持续<a color='30ff00'>10秒</a>，不可叠加。,目标坐标3*3范围,0.85秒,一定时间内持续造成伤害，减少目标范围双抗,302,1,116,1,,1,0,20000123,升级需求：9阶10级
30204,秘・施毒术,jn30201102,撒出剧毒蛊粉，对范围内的目标持续造成伤害，并降低对方双抗，持续一定时间，不可叠加。,102,4,77,30205,1,75000,20000123,3,0,245,1000,,1,8,3,100,0,{'attack_pres':1300|'add_power':70|'buff_id':10404},720,撒出剧毒蛊粉，对范围内的目标持续造成伤害，每秒造成<a color='30ff00'>13%+70点</a>道术伤害，并降低对方<a color='30ff00'>5%</a>魔法和物理防御，持续<a color='30ff00'>11秒</a>，不可叠加。,目标坐标3*3范围,0.85秒,一定时间内持续造成伤害，减少目标范围双抗,302,1,116,1,,1,0,22000123,升级需求：13阶10级
30205,秘・施毒术,jn30201102,撒出剧毒蛊粉，对范围内的目标持续造成伤害，并降低对方双抗，持续一定时间，不可叠加。,102,5,85,30206,1,180000,20000123,3,0,260,1000,,1,8,3,100,0,{'attack_pres':1400|'add_power':80|'buff_id':10405},720,撒出剧毒蛊粉，对范围内的目标持续造成伤害，每秒造成<a color='30ff00'>14%+80点</a>道术伤害，并降低对方<a color='30ff00'>6%</a>魔法和物理防御，持续<a color='30ff00'>11秒</a>，不可叠加。,目标坐标3*3范围,0.85秒,一定时间内持续造成伤害，减少目标范围双抗,302,1,116,1,,1,0,22000123,升级需求：17阶10级
30206,秘・施毒术,jn30201102,撒出剧毒蛊粉，对范围内的目标持续造成伤害，并降低对方双抗，持续一定时间，不可叠加。,102,6,93,30207,1,525000,20000123,3,0,275,1000,,1,8,3,100,0,{'attack_pres':1500|'add_power':90|'buff_id':10406},720,撒出剧毒蛊粉，对范围内的目标持续造成伤害，每秒造成<a color='30ff00'>15%+90点</a>道术伤害，并降低对方<a color='30ff00'>7%</a>魔法和物理防御，持续<a color='30ff00'>11秒</a>，不可叠加。,目标坐标3*3范围,0.85秒,一定时间内持续造成伤害，减少目标范围双抗,302,1,116,1,,1,0,22000123,升级需求：21阶10级
30207,神・施毒术,jn30201102,撒出剧毒蛊粉，对范围内的目标持续造成伤害，并降低对方双抗，持续一定时间，不可叠加。,102,7,101,30208,1,250000,20000123,3,0,290,1000,,1,8,3,100,0,{'attack_pres':1600|'add_power':100|'buff_id':10407},720,撒出剧毒蛊粉，对范围内的目标持续造成伤害，每秒造成<a color='30ff00'>16%+100点</a>道术伤害，并降低对方<a color='30ff00'>10%</a>魔法和物理防御，持续<a color='30ff00'>12秒</a>，不可叠加。,目标坐标3*3范围,0.85秒,一定时间内持续造成伤害，减少目标范围双抗,302,1,116,1,,1,0,22000147,升级需求：25阶10级
30208,神・施毒术,jn30201102,撒出剧毒蛊粉，对范围内的目标持续造成伤害，并降低对方双抗，持续一定时间，不可叠加。,102,8,109,30209,1,300000,20000123,3,0,305,1000,,1,8,3,100,0,{'attack_pres':1800|'add_power':110|'buff_id':10408},720,撒出剧毒蛊粉，对范围内的目标持续造成伤害，每秒造成<a color='30ff00'>18%+110点</a>道术伤害，并降低对方<a color='30ff00'>12%</a>魔法和物理防御，持续<a color='30ff00'>12秒</a>，不可叠加。,目标坐标3*3范围,0.85秒,一定时间内持续造成伤害，减少目标范围双抗,302,1,116,1,,1,0,22000147,升级需求：29阶10级
30209,神・施毒术,jn30201102,撒出剧毒蛊粉，对范围内的目标持续造成伤害，并降低对方双抗，持续一定时间，不可叠加。,102,9,117,0,1,600000,20000123,3,0,320,1000,,1,8,3,100,0,{'attack_pres':2000|'add_power':120|'buff_id':10409},720,撒出剧毒蛊粉，对范围内的目标持续造成伤害，每秒造成<a color='30ff00'>20%+120点</a>道术伤害，并降低对方<a color='30ff00'>15%</a>魔法和物理防御，持续<a color='30ff00'>12秒</a>，不可叠加。,目标坐标3*3范围,0.85秒,一定时间内持续造成伤害，减少目标范围双抗,302,1,116,1,,1,0,22000147,满级
30301,神圣护甲,jn30301102,通过符咒给范围内友方临时增加魔法和物理防御力，不可叠加。,102,1,1,30302,1,12000,20000122,3,0,80,1000,,0,0,3,100,0,{'buff_id':10501},720,通过符咒给范围内友方临时<a color='30ff00'>500点</a>魔法和物理防御力，持续<a color='30ff00'>150秒</a>，不可叠加。,以角色为中心3*3范围,0.85秒,增加范围内友方玩家物防及魔防,303,1,117,1,,1,0,20000122,
30302,神圣护甲,jn30301102,通过符咒给范围内友方临时增加魔法和物理防御力，不可叠加。,102,2,62,30303,1,30000,20000122,3,0,90,1000,,0,0,3,100,0,{'buff_id':10502},720,通过符咒给范围内友方临时<a color='30ff00'>700点</a>魔法和物理防御力，持续<a color='30ff00'>180秒</a>，不可叠加。,以角色为中心3*3范围,0.85秒,增加范围内友方玩家物防及魔防,303,1,117,1,,1,0,20000122,
30303,神圣护甲,jn30301102,通过符咒给范围内友方临时增加魔法和物理防御力，不可叠加。,102,3,70,30304,1,60000,20000122,3,0,100,1000,,0,0,3,100,0,{'buff_id':10503},720,通过符咒给范围内友方临时<a color='30ff00'>900点</a>魔法和物理防御力，持续<a color='30ff00'>210秒</a>，不可叠加。,以角色为中心3*3范围,0.85秒,增加范围内友方玩家物防及魔防,303,1,117,1,,1,0,20000122,
30304,秘・神圣护甲,jn30301102,通过符咒给范围内友方临时增加魔法和物理防御力，不可叠加。,102,4,78,30305,1,75000,20000122,3,0,110,1000,,0,0,3,100,0,{'buff_id':10504},720,通过符咒给范围内友方临时<a color='30ff00'>1500点</a>魔法和物理防御力，持续<a color='30ff00'>240秒</a>，不可叠加。,以角色为中心3*3范围,0.85秒,增加范围内友方玩家物防及魔防,303,1,117,1,,1,0,22000124,
30305,秘・神圣护甲,jn30301102,通过符咒给范围内友方临时增加魔法和物理防御力，不可叠加。,102,5,86,30306,1,180000,20000122,3,0,120,1000,,0,0,3,100,0,{'buff_id':10505},720,通过符咒给范围内友方临时<a color='30ff00'>2100点</a>魔法和物理防御力，持续<a color='30ff00'>270秒</a>，不可叠加。,以角色为中心3*3范围,0.85秒,增加范围内友方玩家物防及魔防,303,1,117,1,,1,0,22000124,
30306,秘・神圣护甲,jn30301102,通过符咒给范围内友方临时增加魔法和物理防御力，不可叠加。,102,6,94,30307,1,525000,20000122,3,0,130,1000,,0,0,3,100,0,{'buff_id':10506},720,通过符咒给范围内友方临时<a color='30ff00'>2700点</a>魔法和物理防御力，持续<a color='30ff00'>300秒</a>，不可叠加。,以角色为中心3*3范围,0.85秒,增加范围内友方玩家物防及魔防,303,1,117,1,,1,0,22000124,
30307,神・神圣护甲,jn30301102,通过符咒给范围内友方临时增加魔法和物理防御力，不可叠加。,102,7,102,30308,1,250000,20000122,3,0,140,1000,,0,0,3,100,0,{'buff_id':10507},720,通过符咒给范围内友方临时<a color='30ff00'>4000点</a>魔法和物理防御力，持续<a color='30ff00'>330秒</a>，不可叠加。,以角色为中心3*3范围,0.85秒,增加范围内友方玩家物防及魔防,303,1,117,1,,1,0,22000148,
30308,神・神圣护甲,jn30301102,通过符咒给范围内友方临时增加魔法和物理防御力，不可叠加。,102,8,110,30309,1,300000,20000122,3,0,150,1000,,0,0,3,100,0,{'buff_id':10508},720,通过符咒给范围内友方临时<a color='30ff00'>5000点</a>魔法和物理防御力，持续<a color='30ff00'>360秒</a>，不可叠加。,以角色为中心3*3范围,0.85秒,增加范围内友方玩家物防及魔防,303,1,117,1,,1,0,22000148,
30309,神・神圣护甲,jn30301102,通过符咒给范围内友方临时增加魔法和物理防御力，不可叠加。,102,9,118,0,1,600000,20000122,3,0,160,1000,,0,0,3,100,0,{'buff_id':10509},720,通过符咒给范围内友方临时<a color='30ff00'>6000点</a>魔法和物理防御力，持续<a color='30ff00'>390秒</a>，不可叠加。,以角色为中心3*3范围,0.85秒,增加范围内友方玩家物防及魔防,303,1,117,1,,1,0,22000148,
30401,回春术,jn30401102,施展道家法术，为3*3范围的目标治疗。恢复生命值，不可叠加。,102,1,1,30402,1,12000,20000124,3,0,200,1000,,0,0,3,100,0,{'attack_pres':2000|'add_power':50|'shape':2|'range':3|'buff_id':10601},720,施展道家法术，为3*3范围的目标治疗。每秒恢复道术攻击的<a color='30ff00'>20%+50点</a>生命值，持续<a color='30ff00'>8秒</a>。不可叠加。,以角色为中心3*3范围,0.85秒,一定时间内回复范围内友方玩家生命值,304,1,118,1,,1,0,20000124,升级需求：3阶5级
30402,回春术,jn30401102,施展道家法术，为3*3范围的目标治疗。恢复生命值，不可叠加。,102,2,63,30403,1,30000,20000124,3,0,215,1000,,0,0,3,100,0,{'attack_pres':2200|'add_power':60|'shape':2|'range':3|'buff_id':10602},720,施展道家法术，为3*3范围的目标治疗。每秒恢复道术攻击的<a color='30ff00'>22%+60点</a>生命值，持续<a color='30ff00'>9秒</a>。不可叠加。,以角色为中心3*3范围,0.85秒,一定时间内回复范围内友方玩家生命值,304,1,118,1,,1,0,20000124,升级需求：6阶10级
30403,回春术,jn30401102,施展道家法术，为3*3范围的目标治疗。恢复生命值，不可叠加。,102,3,71,30404,1,60000,20000124,3,0,230,1000,,0,0,3,100,0,{'attack_pres':2500|'add_power':70|'shape':2|'range':3|'buff_id':10603},720,施展道家法术，为3*3范围的目标治疗。每秒恢复道术攻击的<a color='30ff00'>25%+70点</a>生命值，持续<a color='30ff00'>10秒</a>。不可叠加。,以角色为中心3*3范围,0.85秒,一定时间内回复范围内友方玩家生命值,304,1,118,1,,1,0,20000124,升级需求：10阶10级
30404,秘・回春术,jn30401102,施展道家法术，为3*3范围的目标治疗。恢复生命值，不可叠加。,102,4,79,30405,1,75000,20000124,3,0,245,1000,,0,0,3,100,0,{'attack_pres':2800|'add_power':80|'shape':2|'range':3|'buff_id':10604},720,施展道家法术，为3*3范围的目标治疗。每秒恢复道术攻击的<a color='30ff00'>28%+80点</a>生命值，持续<a color='30ff00'>11秒</a>。不可叠加。,以角色为中心3*3范围,0.85秒,一定时间内回复范围内友方玩家生命值,304,1,118,1,,1,0,22000125,升级需求：14阶10级
30405,秘・回春术,jn30401102,施展道家法术，为3*3范围的目标治疗。恢复生命值，不可叠加。,102,5,87,30406,1,180000,20000124,3,0,260,1000,,0,0,3,100,0,{'attack_pres':3000|'add_power':90|'shape':2|'range':3|'buff_id':10605},720,施展道家法术，为3*3范围的目标治疗。每秒恢复道术攻击的<a color='30ff00'>30%+90点</a>生命值，持续<a color='30ff00'>12秒</a>。不可叠加。,以角色为中心3*3范围,0.85秒,一定时间内回复范围内友方玩家生命值,304,1,118,1,,1,0,22000125,升级需求：18阶10级
30406,秘・回春术,jn30401102,施展道家法术，为3*3范围的目标治疗。恢复生命值，不可叠加。,102,6,95,30407,1,525000,20000124,3,0,275,1000,,0,0,3,100,0,{'attack_pres':3200|'add_power':100|'shape':2|'range':3|'buff_id':10606},720,施展道家法术，为3*3范围的目标治疗。每秒恢复道术攻击的<a color='30ff00'>32%+100点</a>生命值，持续<a color='30ff00'>13秒</a>。不可叠加。,以角色为中心3*3范围,0.85秒,一定时间内回复范围内友方玩家生命值,304,1,118,1,,1,0,22000125,升级需求：22阶10级
30407,神・回春术,jn30401102,施展道家法术，为3*3范围的目标治疗。恢复生命值，不可叠加。,102,7,103,30408,1,250000,20000124,3,0,290,1000,,0,0,3,100,0,{'attack_pres':3500|'add_power':110|'shape':2|'range':3|'buff_id':10607},720,施展道家法术，为3*3范围的目标治疗。每秒恢复道术攻击的<a color='30ff00'>35%+110点</a>生命值，持续<a color='30ff00'>14秒</a>。不可叠加。,以角色为中心3*3范围,0.85秒,一定时间内回复范围内友方玩家生命值,304,1,118,1,,1,0,22000149,升级需求：26阶10级
30408,神・回春术,jn30401102,施展道家法术，为3*3范围的目标治疗。恢复生命值，不可叠加。,102,8,111,30409,1,300000,20000124,3,0,305,1000,,0,0,3,100,0,{'attack_pres':3800|'add_power':120|'shape':2|'range':3|'buff_id':10608},720,施展道家法术，为3*3范围的目标治疗。每秒恢复道术攻击的<a color='30ff00'>38%+120点</a>生命值，持续<a color='30ff00'>15秒</a>。不可叠加。,以角色为中心3*3范围,0.85秒,一定时间内回复范围内友方玩家生命值,304,1,118,1,,1,0,22000149,升级需求：30阶10级
30409,神・回春术,jn30401102,施展道家法术，为3*3范围的目标治疗。恢复生命值，不可叠加。,102,9,119,0,1,600000,20000124,3,0,320,1000,,0,0,3,100,0,{'attack_pres':4000|'add_power':130|'shape':2|'range':3|'buff_id':10609},720,施展道家法术，为3*3范围的目标治疗。每秒恢复道术攻击的<a color='30ff00'>40%+130点</a>生命值，持续<a color='30ff00'>16秒</a>。不可叠加。,以角色为中心3*3范围,0.85秒,一定时间内回复范围内友方玩家生命值,304,1,118,1,,1,0,22000149,满级
30501,御兽术,jn30501102,与神兽签订生死契约，召唤出神兽。召唤出1只神兽（物理群攻）。,102,1,1,30502,1,12000,20000121,3,0,80,10000,,0,0,0,1,0,{'mon_id':302001|'attack_pres':5500|'add_power':500},720,与神兽签订生死契约，召唤出神兽。召唤出1只<a color='30ff00'>1级神兽</a>（物理群攻），神兽拥有主人<a color='30ff00'>55%+500</a>的攻击。,无,0.85秒,召唤一只神兽跟随自己战斗,305,1,119,1,,1,0,20000121,升级需求：3阶10级
30502,御兽术,jn30501102,与神兽签订生死契约，召唤出神兽。召唤出1只神兽（物理群攻）。,102,2,64,30503,1,30000,20000121,3,0,160,10000,,0,0,0,1,0,{'mon_id':302002|'attack_pres':5800|'add_power':800},720,与神兽签订生死契约，召唤出神兽。召唤出1只<a color='30ff00'>2级神兽</a>（物理群攻），神兽拥有主人<a color='30ff00'>58%+800</a>的攻击。,无,0.85秒,召唤一只神兽跟随自己战斗,305,1,119,1,,1,0,20000121,升级需求：7阶10级
30503,御兽术,jn30501102,与神兽签订生死契约，召唤出神兽。召唤出1只神兽（物理群攻）。,102,3,72,30504,1,60000,20000121,3,0,240,10000,,0,0,0,1,0,{'mon_id':302003|'attack_pres':6000|'add_power':1100},720,与神兽签订生死契约，召唤出神兽。召唤出1只<a color='30ff00'>3级神兽</a>（物理群攻），神兽拥有主人<a color='30ff00'>60%+1100</a>的攻击。,无,0.85秒,召唤一只神兽跟随自己战斗,305,1,119,1,,1,0,20000121,升级需求：11阶10级
30504,秘・御兽术,jn30501102,与神兽签订生死契约，召唤出神兽。召唤出1只神兽（物理群攻）。,102,4,80,30505,1,75000,20000121,3,0,320,10000,,0,0,0,1,0,{'mon_id':302004|'attack_pres':6200|'add_power':1400},720,与神兽签订生死契约，召唤出神兽。召唤出1只<a color='30ff00'>4级神兽</a>（物理群攻），神兽拥有主人<a color='30ff00'>62%+1400</a>的攻击。,无,0.85秒,召唤一只神兽跟随自己战斗,305,1,119,1,,1,0,22000126,升级需求：15阶10级
30505,秘・御兽术,jn30501102,与神兽签订生死契约，召唤出神兽。召唤出1只神兽（物理群攻）。,102,5,88,30506,1,180000,20000121,3,0,400,10000,,0,0,0,1,0,{'mon_id':302005|'attack_pres':6500|'add_power':1700},720,与神兽签订生死契约，召唤出神兽。召唤出1只<a color='30ff00'>5级神兽</a>（物理群攻），神兽拥有主人<a color='30ff00'>65%+1700</a>的攻击。,无,0.85秒,召唤一只神兽跟随自己战斗,305,1,119,1,,1,0,22000126,升级需求：19阶10级
30506,秘・御兽术,jn30501102,与神兽签订生死契约，召唤出神兽。召唤出1只神兽（物理群攻）。,102,6,96,30507,1,525000,20000121,3,0,480,10000,,0,0,0,1,0,{'mon_id':302006|'attack_pres':6800|'add_power':2000},720,与神兽签订生死契约，召唤出神兽。召唤出1只<a color='30ff00'>6级神兽</a>（物理群攻），神兽拥有主人<a color='30ff00'>68%+2000</a>的攻击。,无,0.85秒,召唤一只神兽跟随自己战斗,305,1,119,1,,1,0,22000126,升级需求：23阶10级
30507,神・御兽术,jn30501102,与神兽签订生死契约，召唤出神兽。召唤出1只神兽（物理群攻）。,102,7,104,30508,1,250000,20000121,3,0,560,10000,,0,0,0,1,0,{'mon_id':302007|'attack_pres':7000|'add_power':2300},720,与神兽签订生死契约，召唤出神兽。召唤出1只<a color='30ff00'>7级神兽</a>（物理群攻），神兽拥有主人<a color='30ff00'>70%+2300</a>的攻击。,无,0.85秒,召唤一只神兽跟随自己战斗,305,1,119,1,,1,0,22000150,升级需求：27阶10级
30508,神・御兽术,jn30501102,与神兽签订生死契约，召唤出神兽。召唤出1只神兽（物理群攻）。,102,8,112,30509,1,300000,20000121,3,0,640,10000,,0,0,0,1,0,{'mon_id':302008|'attack_pres':7500|'add_power':2600},720,与神兽签订生死契约，召唤出神兽。召唤出1只<a color='30ff00'>8级神兽</a>（物理群攻），神兽拥有主人<a color='30ff00'>75%+2600</a>的攻击。,无,0.85秒,召唤一只神兽跟随自己战斗,305,1,119,1,,1,0,22000150,升级需求：31阶10级
30509,神・御兽术,jn30501102,与神兽签订生死契约，召唤出神兽。召唤出1只神兽（物理群攻）。,102,9,120,0,1,600000,20000121,3,0,720,10000,,0,0,0,1,0,{'mon_id':302009|'attack_pres':8000|'add_power':2900},720,与神兽签订生死契约，召唤出神兽。召唤出1只<a color='30ff00'>9级神兽</a>（物理群攻），神兽拥有主人<a color='30ff00'>80%+2900</a>的攻击。,无,0.85秒,召唤一只神兽跟随自己战斗,305,1,119,1,,1,0,22000150,满级
30601,潜行,jn30601102,在自身周围释放精神之力进入隐身状态。,102,1,1,30602,1,12000,20000125,3,0,300,40000,,0,0,2,1,0,{'buff_id':10701},720,在自身周围释放精神之力进入隐身状态，持续<a color='30ff00'>1.5秒</a>。,自身,0.85秒,使自身隐身,306,1,120,1,,0,0,20000125,
30602,潜行,jn30601102,在自身周围释放精神之力进入隐身状态。,102,2,65,30603,1,30000,20000125,3,0,320,40000,,0,0,2,1,0,{'buff_id':10702},720,在自身周围释放精神之力进入隐身状态，持续<a color='30ff00'>2秒</a>。,自身,0.85秒,使自身隐身,306,1,120,1,,0,0,20000125,
30603,潜行,jn30601102,在自身周围释放精神之力进入隐身状态。,102,3,73,30604,1,60000,20000125,3,0,340,40000,,0,0,2,1,0,{'buff_id':10703},720,在自身周围释放精神之力进入隐身状态，持续<a color='30ff00'>2.5秒</a>。,自身,0.85秒,使自身隐身,306,1,120,1,,0,0,20000125,
30604,秘・潜行,jn30601102,在自身周围释放精神之力进入隐身状态。,102,4,81,30605,1,75000,20000125,3,0,360,40000,,0,0,2,1,0,{'buff_id':10704},720,在自身周围释放精神之力进入隐身状态，持续<a color='30ff00'>3秒</a>。,自身,0.85秒,使自身隐身,306,1,120,1,,0,0,22000127,
30605,秘・潜行,jn30601102,在自身周围释放精神之力进入隐身状态。,102,5,89,30606,1,180000,20000125,3,0,380,40000,,0,0,2,1,0,{'buff_id':10705},720,在自身周围释放精神之力进入隐身状态，持续<a color='30ff00'>3.5秒</a>。,自身,0.85秒,使自身隐身,306,1,120,1,,0,0,22000127,
30606,秘・潜行,jn30601102,在自身周围释放精神之力进入隐身状态。,102,6,97,30607,1,525000,20000125,3,0,400,40000,,0,0,2,1,0,{'buff_id':10706},720,在自身周围释放精神之力进入隐身状态，持续<a color='30ff00'>4秒</a>。,自身,0.85秒,使自身隐身,306,1,120,1,,0,0,22000127,
30607,神・潜行,jn30601102,在自身周围释放精神之力进入隐身状态。,102,7,105,30608,1,250000,20000125,3,0,420,40000,,0,0,2,1,0,{'buff_id':10707},720,在自身周围释放精神之力进入隐身状态，持续<a color='30ff00'>4.5秒</a>。,自身,0.85秒,使自身隐身,306,1,120,1,,0,0,22000151,
30608,神・潜行,jn30601102,在自身周围释放精神之力进入隐身状态。,102,8,113,30609,1,300000,20000125,3,0,440,40000,,0,0,2,1,0,{'buff_id':10708},720,在自身周围释放精神之力进入隐身状态，持续<a color='30ff00'>5秒</a>。,自身,0.85秒,使自身隐身,306,1,120,1,,0,0,22000151,
30609,神・潜行,jn30601102,在自身周围释放精神之力进入隐身状态。,102,9,121,0,1,600000,20000125,3,0,460,40000,,0,0,2,1,0,{'buff_id':10709},720,在自身周围释放精神之力进入隐身状态，持续<a color='30ff00'>5.5秒</a>。,自身,0.85秒,使自身隐身,306,1,120,1,,0,0,22000151,
30701,大衍咒术,jn30701102,爆发自身潜力对目标连续施加多段咒术，依次造成100%道术攻击伤害、75%道术攻击伤害、50%无视目标防御道术伤害,102,1,1,30702,1,12000,20000218,3,0,100,30000,,1,8,0,1,0,{'attack_pres1':10000|'attack_pres2':7500|'attack_pres3':5000|'defend_both_rate':-1000|'attack_duration':1000|'attack_gap':500},720,爆发自身潜力对目标连续施加多段咒术，依次造成<a color='30ff00'>100%</a>道术攻击伤害、<a color='30ff00'>75%</a>道术攻击伤害、<a color='30ff00'>50%</a>道术攻击伤害，无视目标<a color='30ff00'>10%</a>防御道术伤害,无,15秒,召唤一只兽灵跟随自己战斗,307,8,132,1,,1,0,20000218,
30702,大衍咒术,jn30701102,爆发自身潜力对目标连续施加多段咒术，依次造成100%道术攻击伤害、75%道术攻击伤害、50%无视目标防御道术伤害,102,2,66,30703,1,30000,20000218,3,0,200,30000,,1,8,0,1,0,{'attack_pres1':10200|'attack_pres2':7700|'attack_pres3':5200|'defend_both_rate':-1000|'attack_duration':1000|'attack_gap':500},720,爆发自身潜力对目标连续施加多段咒术，依次造成<a color='30ff00'>102%</a>道术攻击伤害、<a color='30ff00'>77%</a>道术攻击伤害、<a color='30ff00'>52%</a>道术攻击伤害，无视目标<a color='30ff00'>10%</a>防御道术伤害,无,15秒,召唤一只兽灵跟随自己战斗,307,8,132,1,,1,0,20000218,
30703,大衍咒术,jn30701102,爆发自身潜力对目标连续施加多段咒术，依次造成100%道术攻击伤害、75%道术攻击伤害、50%无视目标防御道术伤害,102,3,74,30704,1,60000,20000218,3,0,300,30000,,1,8,0,1,0,{'attack_pres1':10500|'attack_pres2':8000|'attack_pres3':5500|'defend_both_rate':-1000|'attack_duration':1000|'attack_gap':500},720,爆发自身潜力对目标连续施加多段咒术，依次造成<a color='30ff00'>105%</a>道术攻击伤害、<a color='30ff00'>80%</a>道术攻击伤害、<a color='30ff00'>55%</a>道术攻击伤害，无视目标<a color='30ff00'>10%</a>防御道术伤害,无,15秒,召唤一只兽灵跟随自己战斗,307,8,132,1,,1,0,20000218,
30704,秘・大衍咒术,jn30701102,爆发自身潜力对目标连续施加多段咒术，依次造成100%道术攻击伤害、75%道术攻击伤害、50%无视目标防御道术伤害,102,4,82,30705,1,75000,20000218,3,0,400,30000,,1,8,0,1,0,{'attack_pres1':10700|'attack_pres2':8200|'attack_pres3':5700|'defend_both_rate':-1500|'attack_duration':1000|'attack_gap':500},720,爆发自身潜力对目标连续施加多段咒术，依次造成<a color='30ff00'>107%</a>道术攻击伤害、<a color='30ff00'>82%</a>道术攻击伤害、<a color='30ff00'>57%</a>道术攻击伤害，无视目标<a color='30ff00'>15%</a>防御道术伤害,无,15秒,召唤一只兽灵跟随自己战斗,307,8,132,1,,1,0,22000128,
30705,秘・大衍咒术,jn30701102,爆发自身潜力对目标连续施加多段咒术，依次造成100%道术攻击伤害、75%道术攻击伤害、50%无视目标防御道术伤害,102,5,90,30706,1,180000,20000218,3,0,500,30000,,1,8,0,1,0,{'attack_pres1':11000|'attack_pres2':8500|'attack_pres3':6000|'defend_both_rate':-1500|'attack_duration':1000|'attack_gap':500},720,爆发自身潜力对目标连续施加多段咒术，依次造成<a color='30ff00'>110%</a>道术攻击伤害、<a color='30ff00'>85%</a>道术攻击伤害、<a color='30ff00'>60%</a>道术攻击伤害，无视目标<a color='30ff00'>15%</a>防御道术伤害,无,15秒,召唤一只兽灵跟随自己战斗,307,8,132,1,,1,0,22000128,
30706,秘・大衍咒术,jn30701102,爆发自身潜力对目标连续施加多段咒术，依次造成100%道术攻击伤害、75%道术攻击伤害、50%无视目标防御道术伤害,102,6,98,30707,1,525000,20000218,3,0,600,30000,,1,8,0,1,0,{'attack_pres1':11500|'attack_pres2':9000|'attack_pres3':6500|'defend_both_rate':-1500|'attack_duration':1000|'attack_gap':500},720,爆发自身潜力对目标连续施加多段咒术，依次造成<a color='30ff00'>115%</a>道术攻击伤害、<a color='30ff00'>90%</a>道术攻击伤害、<a color='30ff00'>65%</a>道术攻击伤害，无视目标<a color='30ff00'>15%</a>防御道术伤害,无,15秒,召唤一只兽灵跟随自己战斗,307,8,132,1,,1,0,22000128,
30707,神・大衍咒术,jn30701102,爆发自身潜力对目标连续施加多段咒术，依次造成100%道术攻击伤害、75%道术攻击伤害、50%无视目标防御道术伤害,102,7,106,30708,1,250000,20000218,3,0,700,30000,,1,8,0,1,0,{'attack_pres1':12000|'attack_pres2':9500|'attack_pres3':7000|'defend_both_rate':-2000|'attack_duration':1000|'attack_gap':500},720,爆发自身潜力对目标连续施加多段咒术，依次造成<a color='30ff00'>120%</a>道术攻击伤害、<a color='30ff00'>95%</a>道术攻击伤害、<a color='30ff00'>70%</a>道术攻击伤害，无视目标<a color='30ff00'>20%</a>防御道术伤害,无,15秒,召唤一只兽灵跟随自己战斗,307,8,132,1,,1,0,22000152,
30708,神・大衍咒术,jn30701102,爆发自身潜力对目标连续施加多段咒术，依次造成100%道术攻击伤害、75%道术攻击伤害、50%无视目标防御道术伤害,102,8,114,30709,1,300000,20000218,3,0,800,30000,,1,8,0,1,0,{'attack_pres1':12500|'attack_pres2':10000|'attack_pres3':7500|'defend_both_rate':-2000|'attack_duration':1000|'attack_gap':500},720,爆发自身潜力对目标连续施加多段咒术，依次造成<a color='30ff00'>125%</a>道术攻击伤害、<a color='30ff00'>100%</a>道术攻击伤害、<a color='30ff00'>75%</a>道术攻击伤害，无视目标<a color='30ff00'>20%</a>防御道术伤害,无,15秒,召唤一只兽灵跟随自己战斗,307,8,132,1,,1,0,22000152,
30709,神・大衍咒术,jn30701102,爆发自身潜力对目标连续施加多段咒术，依次造成100%道术攻击伤害、75%道术攻击伤害、50%无视目标防御道术伤害,102,9,122,0,1,600000,20000218,3,0,900,30000,,1,8,0,1,0,{'attack_pres1':13000|'attack_pres2':10500|'attack_pres3':8000|'defend_both_rate':-2000|'attack_duration':1000|'attack_gap':500},720,爆发自身潜力对目标连续施加多段咒术，依次造成<a color='30ff00'>130%</a>道术攻击伤害、<a color='30ff00'>105%</a>道术攻击伤害、<a color='30ff00'>80%</a>道术攻击伤害，无视目标<a color='30ff00'>20%</a>防御道术伤害,无,15秒,召唤一只兽灵跟随自己战斗,307,8,132,1,,1,0,22000152,
30801,玄宗符术,jn30101102,强化玄宗符术，造成更高伤害，并产生小范围爆炸。,102,1,1,30102,1,12000,20000120,3,0,10,600,,1,8,3,100,10000,{'attack_pres':11200|'add_power':180},720,将强大的精神力附着符咒上，攻击单体目标，造成<a color='30ff00'>112%+180点</a>道术伤害。,单体攻击,0.85秒,无,308,1,131,1,,0,0,20000120,
30802,玄宗符术,jn30101102,强化玄宗符术，造成更高伤害，并产生小范围爆炸。,102,2,1,30103,1,30000,20000120,3,0,12,600,,1,8,3,100,10000,{'attack_pres':11400|'add_power':280},720,将强大的精神力附着符咒上，攻击单体目标，造成<a color='30ff00'>114%+280点</a>道术伤害。,单体攻击,0.85秒,无,308,1,131,1,,0,0,20000120,
30803,玄宗符术,jn30101102,强化玄宗符术，造成更高伤害，并产生小范围爆炸。,102,3,1,30104,1,60000,20000120,3,0,14,600,,1,8,3,100,10000,{'attack_pres':11600|'add_power':380},720,将强大的精神力附着符咒上，攻击单体目标，造成<a color='30ff00'>116%+380点</a>道术伤害。,单体攻击,0.85秒,无,308,1,131,1,,0,0,20000120,
30804,玄宗符术,jn30101102,强化玄宗符术，造成更高伤害，并产生小范围爆炸。,102,4,1,30105,1,75000,20000120,3,0,16,600,,1,8,3,100,10000,{'attack_pres':12000|'add_power':450},720,将强大的精神力附着符咒上，攻击单体目标，造成<a color='30ff00'>120%+450点</a>道术伤害。,单体攻击,0.85秒,无,308,1,131,1,,0,0,20000120,
30805,玄宗符术,jn30101102,强化玄宗符术，造成更高伤害，并产生小范围爆炸。,102,5,1,30106,1,180000,20000120,3,0,18,600,,1,8,3,100,10000,{'attack_pres':12200|'add_power':550},720,将强大的精神力附着符咒上，攻击单体目标，造成<a color='30ff00'>122%+550点</a>道术伤害。,单体攻击,0.85秒,无,308,1,131,1,,0,0,20000120,
30806,玄宗符术,jn30101102,强化玄宗符术，造成更高伤害，并产生小范围爆炸。,102,6,1,30107,1,525000,20000120,3,0,20,600,,1,8,3,100,10000,{'attack_pres':12400|'add_power':650},720,将强大的精神力附着符咒上，攻击单体目标，造成<a color='30ff00'>124%+650点</a>道术伤害。,单体攻击,0.85秒,无,308,1,131,1,,0,0,20000120,
30807,玄宗符术,jn30101102,强化玄宗符术，造成更高伤害，并产生小范围爆炸。,102,7,1,30108,1,250000,20000120,3,0,22,600,,1,8,3,100,10000,{'attack_pres':12800|'add_power':780},720,将强大的精神力附着符咒上，攻击单体目标，造成<a color='30ff00'>128%+780点</a>道术伤害。,单体攻击,0.85秒,无,308,1,131,1,,0,0,20000120,
30808,玄宗符术,jn30101102,强化玄宗符术，造成更高伤害，并产生小范围爆炸。,102,8,1,30109,1,300000,20000120,3,0,24,600,,1,8,3,100,10000,{'attack_pres':13000|'add_power':880},720,将强大的精神力附着符咒上，攻击单体目标，造成<a color='30ff00'>130%+880点</a>道术伤害。,单体攻击,0.85秒,无,308,1,131,1,,0,0,20000120,
30809,玄宗符术,jn30101102,强化玄宗符术，造成更高伤害，并产生小范围爆炸。,102,9,1,0,1,600000,20000120,3,0,26,600,,1,8,3,100,10000,{'attack_pres':13500|'add_power':980},720,将强大的精神力附着符咒上，攻击单体目标，造成<a color='30ff00'>135%+980点</a>道术伤害。,单体攻击,0.85秒,无,308,1,131,1,,0,0,20000120,
30901,神兽合体,jn30101103,牺牲神兽短暂强化自身，获得10%伤害加成，持续15秒；化身期间强化玄宗符术，可造成更高伤害，并产生小范围爆炸。,102,1,1,30902,1,12000,20000312,3,0,100,60000,,0,0,0,1,10000,{'buff_id':11201},720,牺牲神兽短暂强化自身，获得<a color='30ff00'>8%</a>伤害加成，持续<a color='30ff00'>5秒</a>；化身期间强化玄宗符术，可造成更高伤害，并产生小范围爆炸,无,1秒,无,309,1,130,1,,0,0,20000313,
30902,神兽合体,jn30101103,牺牲神兽短暂强化自身，获得10%伤害加成，持续16秒；化身期间强化玄宗符术，可造成更高伤害，并产生小范围爆炸。,102,2,67,30903,1,30000,20000312,3,0,100,60000,,0,0,0,1,10000,{'buff_id':11202},720,牺牲神兽短暂强化自身，获得<a color='30ff00'>9%</a>伤害加成，持续<a color='30ff00'>5秒</a>；化身期间强化玄宗符术，可造成更高伤害，并产生小范围爆炸,无,2秒,无,309,1,130,1,,0,0,20000313,
30903,神兽合体,jn30101103,牺牲神兽短暂强化自身，获得10%伤害加成，持续17秒；化身期间强化玄宗符术，可造成更高伤害，并产生小范围爆炸。,102,3,75,30904,1,60000,20000312,3,0,100,60000,,0,0,0,1,10000,{'buff_id':11203},720,牺牲神兽短暂强化自身，获得<a color='30ff00'>10%</a>伤害加成，持续<a color='30ff00'>5秒</a>；化身期间强化玄宗符术，可造成更高伤害，并产生小范围爆炸,无,3秒,无,309,1,130,1,,0,0,20000313,
30904,秘・神兽合体,jn30101103,牺牲神兽短暂强化自身，获得10%伤害加成，持续18秒；化身期间强化玄宗符术，可造成更高伤害，并产生小范围爆炸。,102,4,83,30905,1,75000,20000312,3,0,100,60000,,0,0,0,1,10000,{'buff_id':11204},720,牺牲神兽短暂强化自身，获得<a color='30ff00'>12%</a>伤害加成，持续<a color='30ff00'>10秒</a>；化身期间强化玄宗符术，可造成更高伤害，并产生小范围爆炸,无,4秒,无,309,1,130,1,,0,0,22000129,
30905,秘・神兽合体,jn30101103,牺牲神兽短暂强化自身，获得10%伤害加成，持续19秒；化身期间强化玄宗符术，可造成更高伤害，并产生小范围爆炸。,102,5,91,30906,1,180000,20000312,3,0,100,60000,,0,0,0,1,10000,{'buff_id':11205},720,牺牲神兽短暂强化自身，获得<a color='30ff00'>14%</a>伤害加成，持续<a color='30ff00'>10秒</a>；化身期间强化玄宗符术，可造成更高伤害，并产生小范围爆炸,无,5秒,无,309,1,130,1,,0,0,22000129,
30906,秘・神兽合体,jn30101103,牺牲神兽短暂强化自身，获得10%伤害加成，持续20秒；化身期间强化玄宗符术，可造成更高伤害，并产生小范围爆炸。,102,6,99,30907,1,525000,20000312,3,0,100,60000,,0,0,0,1,10000,{'buff_id':11206},720,牺牲神兽短暂强化自身，获得<a color='30ff00'>16%</a>伤害加成，持续<a color='30ff00'>10秒</a>；化身期间强化玄宗符术，可造成更高伤害，并产生小范围爆炸,无,6秒,无,309,1,130,1,,0,0,22000129,
30907,神・神兽合体,jn30101103,牺牲神兽短暂强化自身，获得10%伤害加成，持续21秒；化身期间强化玄宗符术，可造成更高伤害，并产生小范围爆炸。,102,7,107,30908,1,250000,20000312,3,0,100,60000,,0,0,0,1,10000,{'buff_id':11207},720,牺牲神兽短暂强化自身，获得<a color='30ff00'>20%</a>伤害加成，持续<a color='30ff00'>15秒</a>；化身期间强化玄宗符术，可造成更高伤害，并产生小范围爆炸,无,7秒,无,309,1,130,1,,0,0,22000153,
30908,神・神兽合体,jn30101103,牺牲神兽短暂强化自身，获得10%伤害加成，持续22秒；化身期间强化玄宗符术，可造成更高伤害，并产生小范围爆炸。,102,8,115,30909,1,300000,20000312,3,0,100,60000,,0,0,0,1,10000,{'buff_id':11208},720,牺牲神兽短暂强化自身，获得<a color='30ff00'>25%</a>伤害加成，持续<a color='30ff00'>15秒</a>；化身期间强化玄宗符术，可造成更高伤害，并产生小范围爆炸,无,8秒,无,309,1,130,1,,0,0,22000153,
30909,神・神兽合体,jn30101103,牺牲神兽短暂强化自身，获得10%伤害加成，持续23秒；化身期间强化玄宗符术，可造成更高伤害，并产生小范围爆炸。,102,9,123,0,1,600000,20000312,3,0,100,60000,,0,0,0,1,10000,{'buff_id':11209},720,牺牲神兽短暂强化自身，获得<a color='30ff00'>30%</a>伤害加成，持续<a color='30ff00'>15秒</a>；化身期间强化玄宗符术，可造成更高伤害，并产生小范围爆炸,无,9秒,无,309,1,130,1,,0,0,22000153,
71101,十方封魔,jn71101100,两位武神可以融会贯通，释放出无懈可击的威力。,100,1,0,0,0,0,0,1,0,0,50000,,1,8,1,1,10000,{'special_prop_id':4034},720,对角色/分身造成<a color='30ff00'>450%</a>伤害，对怪物/神兽造成<a color='30ff00'>1200%</a>伤害，无视闪避。,单体攻击,,,711,1,122,1,0,0,0,,
71102,十方封魔,jn71101100,两位武神可以融会贯通，释放出无懈可击的威力。,100,2,0,0,0,0,0,1,0,0,50000,,1,8,1,1,10000,{'special_prop_id':4035},720,对角色/分身造成<a color='30ff00'>480%</a>伤害，对怪物/神兽造成<a color='30ff00'>1500%</a>伤害，无视闪避。,单体攻击,,,711,1,122,1,1,0,0,,
71103,十方封魔,jn71101100,两位武神可以融会贯通，释放出无懈可击的威力。,100,3,0,0,0,0,0,1,0,0,48000,,1,8,1,1,10000,{'special_prop_id':4036},720,对角色/分身造成<a color='30ff00'>510%</a>伤害，对怪物/神兽造成<a color='30ff00'>1800%</a>伤害，无视闪避。,单体攻击,,,711,1,122,1,3,0,0,,
71104,十方封魔,jn71101100,两位武神可以融会贯通，释放出无懈可击的威力。,100,4,0,0,0,0,0,1,0,0,42000,,1,8,1,1,10000,{'special_prop_id':4037},720,对角色/分身造成<a color='30ff00'>540%</a>伤害，对怪物/神兽造成<a color='30ff00'>2100%</a>伤害，无视闪避。,单体攻击,,,711,1,122,1,5,0,0,,
71105,十方封魔,jn71101100,两位武神可以融会贯通，释放出无懈可击的威力。,100,5,0,0,0,0,0,1,0,0,36000,,1,8,1,1,10000,{'special_prop_id':4038},720,对角色/分身造成<a color='30ff00'>570%</a>伤害，对怪物/神兽造成<a color='30ff00'>2400%</a>伤害，无视闪避。,单体攻击,,,711,1,122,1,7,0,0,,
71106,十方封魔,jn71101100,两位武神可以融会贯通，释放出无懈可击的威力。,100,6,0,0,0,0,0,1,0,0,30000,,1,8,1,1,10000,{'special_prop_id':4039},720,对角色/分身造成<a color='30ff00'>600%</a>伤害，对怪物/神兽造成<a color='30ff00'>2700%</a>伤害，无视闪避。,单体攻击,,,711,1,122,1,9,0,0,,
71107,十方封魔,jn71101100,两位武神可以融会贯通，释放出无懈可击的威力。,100,7,0,0,0,0,0,1,0,0,24000,,1,8,1,1,10000,{'special_prop_id':4040},720,对角色/分身造成<a color='30ff00'>630%</a>伤害，对怪物/神兽造成<a color='30ff00'>3000%</a>伤害，无视闪避。,单体攻击,,,711,1,122,1,11,0,0,,
71108,十方封魔,jn71101100,两位武神可以融会贯通，释放出无懈可击的威力。,100,8,0,0,0,0,0,1,0,0,18000,,1,8,1,1,10000,{'special_prop_id':4041},720,对角色/分身造成<a color='30ff00'>660%</a>伤害，对怪物/神兽造成<a color='30ff00'>3300%</a>伤害，无视闪避。,单体攻击,,,711,1,122,1,13,0,0,,
71201,五芒镇邪,jn71201100,武元合击，威力无敌，欲破此敌，雷霆万钧。,100,1,0,0,0,0,0,1,0,0,50000,,1,8,1,1,10000,{'special_prop_id':4034},720,对角色/分身造成<a color='30ff00'>450%</a>伤害，对怪物/神兽造成<a color='30ff00'>1200%</a>伤害，无视闪避。,单体攻击,,,712,1,124,1,0,0,0,,
71202,五芒镇邪,jn71201100,武元合击，威力无敌，欲破此敌，雷霆万钧。,100,2,0,0,0,0,0,1,0,0,50000,,1,8,1,1,10000,{'special_prop_id':4035},720,对角色/分身造成<a color='30ff00'>480%</a>伤害，对怪物/神兽造成<a color='30ff00'>1500%</a>伤害，无视闪避。,单体攻击,,,712,1,124,1,1,0,0,,
71203,五芒镇邪,jn71201100,武元合击，威力无敌，欲破此敌，雷霆万钧。,100,3,0,0,0,0,0,1,0,0,48000,,1,8,1,1,10000,{'special_prop_id':4036},720,对角色/分身造成<a color='30ff00'>510%</a>伤害，对怪物/神兽造成<a color='30ff00'>1800%</a>伤害，无视闪避。,单体攻击,,,712,1,124,1,3,0,0,,
71204,五芒镇邪,jn71201100,武元合击，威力无敌，欲破此敌，雷霆万钧。,100,4,0,0,0,0,0,1,0,0,42000,,1,8,1,1,10000,{'special_prop_id':4037},720,对角色/分身造成<a color='30ff00'>540%</a>伤害，对怪物/神兽造成<a color='30ff00'>2100%</a>伤害，无视闪避。,单体攻击,,,712,1,124,1,5,0,0,,
71205,五芒镇邪,jn71201100,武元合击，威力无敌，欲破此敌，雷霆万钧。,100,5,0,0,0,0,0,1,0,0,36000,,1,8,1,1,10000,{'special_prop_id':4038},720,对角色/分身造成<a color='30ff00'>570%</a>伤害，对怪物/神兽造成<a color='30ff00'>2400%</a>伤害，无视闪避。,单体攻击,,,712,1,124,1,7,0,0,,
71206,五芒镇邪,jn71201100,武元合击，威力无敌，欲破此敌，雷霆万钧。,100,6,0,0,0,0,0,1,0,0,30000,,1,8,1,1,10000,{'special_prop_id':4039},720,对角色/分身造成<a color='30ff00'>600%</a>伤害，对怪物/神兽造成<a color='30ff00'>2700%</a>伤害，无视闪避。,单体攻击,,,712,1,124,1,9,0,0,,
71207,五芒镇邪,jn71201100,武元合击，威力无敌，欲破此敌，雷霆万钧。,100,7,0,0,0,0,0,1,0,0,24000,,1,8,1,1,10000,{'special_prop_id':4040},720,对角色/分身造成<a color='30ff00'>630%</a>伤害，对怪物/神兽造成<a color='30ff00'>3000%</a>伤害，无视闪避。,单体攻击,,,712,1,124,1,11,0,0,,
71208,五芒镇邪,jn71201100,武元合击，威力无敌，欲破此敌，雷霆万钧。,100,8,0,0,0,0,0,1,0,0,18000,,1,8,1,1,10000,{'special_prop_id':4041},720,对角色/分身造成<a color='30ff00'>660%</a>伤害，对怪物/神兽造成<a color='30ff00'>3300%</a>伤害，无视闪避。,单体攻击,,,712,1,124,1,13,0,0,,
71301,末日审判,jn71301100,武术融合，万物皆灭，日月星辰，碎月一斩。,100,1,0,0,0,0,0,1,0,0,50000,,1,8,1,1,10000,{'special_prop_id':4034},720,对角色/分身造成<a color='30ff00'>450%</a>伤害，对怪物/神兽造成<a color='30ff00'>1200%</a>伤害，无视闪避。,单体攻击,,,713,1,123,1,0,0,0,,
71302,末日审判,jn71301100,武术融合，万物皆灭，日月星辰，碎月一斩。,100,2,0,0,0,0,0,1,0,0,50000,,1,8,1,1,10000,{'special_prop_id':4035},720,对角色/分身造成<a color='30ff00'>480%</a>伤害，对怪物/神兽造成<a color='30ff00'>1500%</a>伤害，无视闪避。,单体攻击,,,713,1,123,1,1,0,0,,
71303,末日审判,jn71301100,武术融合，万物皆灭，日月星辰，碎月一斩。,100,3,0,0,0,0,0,1,0,0,48000,,1,8,1,1,10000,{'special_prop_id':4036},720,对角色/分身造成<a color='30ff00'>510%</a>伤害，对怪物/神兽造成<a color='30ff00'>1800%</a>伤害，无视闪避。,单体攻击,,,713,1,123,1,3,0,0,,
71304,末日审判,jn71301100,武术融合，万物皆灭，日月星辰，碎月一斩。,100,4,0,0,0,0,0,1,0,0,42000,,1,8,1,1,10000,{'special_prop_id':4037},720,对角色/分身造成<a color='30ff00'>540%</a>伤害，对怪物/神兽造成<a color='30ff00'>2100%</a>伤害，无视闪避。,单体攻击,,,713,1,123,1,5,0,0,,
71305,末日审判,jn71301100,武术融合，万物皆灭，日月星辰，碎月一斩。,100,5,0,0,0,0,0,1,0,0,36000,,1,8,1,1,10000,{'special_prop_id':4038},720,对角色/分身造成<a color='30ff00'>570%</a>伤害，对怪物/神兽造成<a color='30ff00'>2400%</a>伤害，无视闪避。,单体攻击,,,713,1,123,1,7,0,0,,
71306,末日审判,jn71301100,武术融合，万物皆灭，日月星辰，碎月一斩。,100,6,0,0,0,0,0,1,0,0,30000,,1,8,1,1,10000,{'special_prop_id':4039},720,对角色/分身造成<a color='30ff00'>600%</a>伤害，对怪物/神兽造成<a color='30ff00'>2700%</a>伤害，无视闪避。,单体攻击,,,713,1,123,1,9,0,0,,
71307,末日审判,jn71301100,武术融合，万物皆灭，日月星辰，碎月一斩。,100,7,0,0,0,0,0,1,0,0,24000,,1,8,1,1,10000,{'special_prop_id':4040},720,对角色/分身造成<a color='30ff00'>630%</a>伤害，对怪物/神兽造成<a color='30ff00'>3000%</a>伤害，无视闪避。,单体攻击,,,713,1,123,1,11,0,0,,
71308,末日审判,jn71301100,武术融合，万物皆灭，日月星辰，碎月一斩。,100,8,0,0,0,0,0,1,0,0,18000,,1,8,1,1,10000,{'special_prop_id':4041},720,对角色/分身造成<a color='30ff00'>660%</a>伤害，对怪物/神兽造成<a color='30ff00'>3300%</a>伤害，无视闪避。,单体攻击,,,713,1,123,1,13,0,0,,
72101,五芒镇邪,jn71201100,元武合击，威力无敌，欲破此敌，雷霆万钧。,101,1,0,0,0,0,0,2,0,0,50000,,1,8,1,1,10000,{'special_prop_id':4034},720,对角色/分身造成<a color='30ff00'>450%</a>伤害，对怪物/神兽造成<a color='30ff00'>1200%</a>伤害，无视闪避。,单体攻击,,,721,1,133,1,0,0,0,,
72102,五芒镇邪,jn71201100,元武合击，威力无敌，欲破此敌，雷霆万钧。,101,2,0,0,0,0,0,2,0,0,50000,,1,8,1,1,10000,{'special_prop_id':4035},720,对角色/分身造成<a color='30ff00'>480%</a>伤害，对怪物/神兽造成<a color='30ff00'>1500%</a>伤害，无视闪避。,单体攻击,,,721,1,133,1,1,0,0,,
72103,五芒镇邪,jn71201100,元武合击，威力无敌，欲破此敌，雷霆万钧。,101,3,0,0,0,0,0,2,0,0,48000,,1,8,1,1,10000,{'special_prop_id':4036},720,对角色/分身造成<a color='30ff00'>510%</a>伤害，对怪物/神兽造成<a color='30ff00'>1800%</a>伤害，无视闪避。,单体攻击,,,721,1,133,1,3,0,0,,
72104,五芒镇邪,jn71201100,元武合击，威力无敌，欲破此敌，雷霆万钧。,101,4,0,0,0,0,0,2,0,0,42000,,1,8,1,1,10000,{'special_prop_id':4037},720,对角色/分身造成<a color='30ff00'>540%</a>伤害，对怪物/神兽造成<a color='30ff00'>2100%</a>伤害，无视闪避。,单体攻击,,,721,1,133,1,5,0,0,,
72105,五芒镇邪,jn71201100,元武合击，威力无敌，欲破此敌，雷霆万钧。,101,5,0,0,0,0,0,2,0,0,36000,,1,8,1,1,10000,{'special_prop_id':4038},720,对角色/分身造成<a color='30ff00'>570%</a>伤害，对怪物/神兽造成<a color='30ff00'>2400%</a>伤害，无视闪避。,单体攻击,,,721,1,133,1,7,0,0,,
72106,五芒镇邪,jn71201100,元武合击，威力无敌，欲破此敌，雷霆万钧。,101,6,0,0,0,0,0,2,0,0,30000,,1,8,1,1,10000,{'special_prop_id':4039},720,对角色/分身造成<a color='30ff00'>600%</a>伤害，对怪物/神兽造成<a color='30ff00'>2700%</a>伤害，无视闪避。,单体攻击,,,721,1,133,1,9,0,0,,
72107,五芒镇邪,jn71201100,元武合击，威力无敌，欲破此敌，雷霆万钧。,101,7,0,0,0,0,0,2,0,0,24000,,1,8,1,1,10000,{'special_prop_id':4040},720,对角色/分身造成<a color='30ff00'>630%</a>伤害，对怪物/神兽造成<a color='30ff00'>3000%</a>伤害，无视闪避。,单体攻击,,,721,1,133,1,11,0,0,,
72108,五芒镇邪,jn71201100,元武合击，威力无敌，欲破此敌，雷霆万钧。,101,8,0,0,0,0,0,2,0,0,18000,,1,8,1,1,10000,{'special_prop_id':4041},720,对角色/分身造成<a color='30ff00'>660%</a>伤害，对怪物/神兽造成<a color='30ff00'>3300%</a>伤害，无视闪避。,单体攻击,,,721,1,133,1,13,0,0,,
72201,断空噬地,jn72201101,两位元素师可以心灵相通，释放出火焰龙息，毁天灭地。,101,1,0,0,0,0,0,2,0,0,50000,,1,8,1,1,10000,{'special_prop_id':4034},720,对角色/分身造成<a color='30ff00'>450%</a>伤害，对怪物/神兽造成<a color='30ff00'>1200%</a>伤害，无视闪避。,单体攻击,,,722,1,125,1,0,0,0,,
72202,断空噬地,jn72201101,两位元素师可以心灵相通，释放出火焰龙息，毁天灭地。,101,2,0,0,0,0,0,2,0,0,50000,,1,8,1,1,10000,{'special_prop_id':4035},720,对角色/分身造成<a color='30ff00'>480%</a>伤害，对怪物/神兽造成<a color='30ff00'>1500%</a>伤害，无视闪避。,单体攻击,,,722,1,125,1,1,0,0,,
72203,断空噬地,jn72201101,两位元素师可以心灵相通，释放出火焰龙息，毁天灭地。,101,3,0,0,0,0,0,2,0,0,48000,,1,8,1,1,10000,{'special_prop_id':4036},720,对角色/分身造成<a color='30ff00'>510%</a>伤害，对怪物/神兽造成<a color='30ff00'>1800%</a>伤害，无视闪避。,单体攻击,,,722,1,125,1,3,0,0,,
72204,断空噬地,jn72201101,两位元素师可以心灵相通，释放出火焰龙息，毁天灭地。,101,4,0,0,0,0,0,2,0,0,42000,,1,8,1,1,10000,{'special_prop_id':4037},720,对角色/分身造成<a color='30ff00'>540%</a>伤害，对怪物/神兽造成<a color='30ff00'>2100%</a>伤害，无视闪避。,单体攻击,,,722,1,125,1,5,0,0,,
72205,断空噬地,jn72201101,两位元素师可以心灵相通，释放出火焰龙息，毁天灭地。,101,5,0,0,0,0,0,2,0,0,36000,,1,8,1,1,10000,{'special_prop_id':4038},720,对角色/分身造成<a color='30ff00'>570%</a>伤害，对怪物/神兽造成<a color='30ff00'>2400%</a>伤害，无视闪避。,单体攻击,,,722,1,125,1,7,0,0,,
72206,断空噬地,jn72201101,两位元素师可以心灵相通，释放出火焰龙息，毁天灭地。,101,6,0,0,0,0,0,2,0,0,30000,,1,8,1,1,10000,{'special_prop_id':4039},720,对角色/分身造成<a color='30ff00'>600%</a>伤害，对怪物/神兽造成<a color='30ff00'>2700%</a>伤害，无视闪避。,单体攻击,,,722,1,125,1,9,0,0,,
72207,断空噬地,jn72201101,两位元素师可以心灵相通，释放出火焰龙息，毁天灭地。,101,7,0,0,0,0,0,2,0,0,24000,,1,8,1,1,10000,{'special_prop_id':4040},720,对角色/分身造成<a color='30ff00'>630%</a>伤害，对怪物/神兽造成<a color='30ff00'>3000%</a>伤害，无视闪避。,单体攻击,,,722,1,125,1,11,0,0,,
72208,断空噬地,jn72201101,两位元素师可以心灵相通，释放出火焰龙息，毁天灭地。,101,8,0,0,0,0,0,2,0,0,18000,,1,8,1,1,10000,{'special_prop_id':4041},720,对角色/分身造成<a color='30ff00'>660%</a>伤害，对怪物/神兽造成<a color='30ff00'>3300%</a>伤害，无视闪避。,单体攻击,,,722,1,125,1,13,0,0,,
72301,修罗绝杀,jn72301101,元术一体，融会贯通，末日裁决，瞬间审判。,101,1,0,0,0,0,0,2,0,0,50000,,1,8,1,1,10000,{'special_prop_id':4034},720,对角色/分身造成<a color='30ff00'>450%</a>伤害，对怪物/神兽造成<a color='30ff00'>1200%</a>伤害，无视闪避。,单体攻击,,,723,1,126,1,0,0,0,,
72302,修罗绝杀,jn72301101,元术一体，融会贯通，末日裁决，瞬间审判。,101,2,0,0,0,0,0,2,0,0,50000,,1,8,1,1,10000,{'special_prop_id':4035},720,对角色/分身造成<a color='30ff00'>480%</a>伤害，对怪物/神兽造成<a color='30ff00'>1500%</a>伤害，无视闪避。,单体攻击,,,723,1,126,1,1,0,0,,
72303,修罗绝杀,jn72301101,元术一体，融会贯通，末日裁决，瞬间审判。,101,3,0,0,0,0,0,2,0,0,48000,,1,8,1,1,10000,{'special_prop_id':4036},720,对角色/分身造成<a color='30ff00'>510%</a>伤害，对怪物/神兽造成<a color='30ff00'>1800%</a>伤害，无视闪避。,单体攻击,,,723,1,126,1,3,0,0,,
72304,修罗绝杀,jn72301101,元术一体，融会贯通，末日裁决，瞬间审判。,101,4,0,0,0,0,0,2,0,0,42000,,1,8,1,1,10000,{'special_prop_id':4037},720,对角色/分身造成<a color='30ff00'>540%</a>伤害，对怪物/神兽造成<a color='30ff00'>2100%</a>伤害，无视闪避。,单体攻击,,,723,1,126,1,5,0,0,,
72305,修罗绝杀,jn72301101,元术一体，融会贯通，末日裁决，瞬间审判。,101,5,0,0,0,0,0,2,0,0,36000,,1,8,1,1,10000,{'special_prop_id':4038},720,对角色/分身造成<a color='30ff00'>570%</a>伤害，对怪物/神兽造成<a color='30ff00'>2400%</a>伤害，无视闪避。,单体攻击,,,723,1,126,1,7,0,0,,
72306,修罗绝杀,jn72301101,元术一体，融会贯通，末日裁决，瞬间审判。,101,6,0,0,0,0,0,2,0,0,30000,,1,8,1,1,10000,{'special_prop_id':4039},720,对角色/分身造成<a color='30ff00'>600%</a>伤害，对怪物/神兽造成<a color='30ff00'>2700%</a>伤害，无视闪避。,单体攻击,,,723,1,126,1,9,0,0,,
72307,修罗绝杀,jn72301101,元术一体，融会贯通，末日裁决，瞬间审判。,101,7,0,0,0,0,0,2,0,0,24000,,1,8,1,1,10000,{'special_prop_id':4040},720,对角色/分身造成<a color='30ff00'>630%</a>伤害，对怪物/神兽造成<a color='30ff00'>3000%</a>伤害，无视闪避。,单体攻击,,,723,1,126,1,11,0,0,,
72308,修罗绝杀,jn72301101,元术一体，融会贯通，末日裁决，瞬间审判。,101,8,0,0,0,0,0,2,0,0,18000,,1,8,1,1,10000,{'special_prop_id':4041},720,对角色/分身造成<a color='30ff00'>660%</a>伤害，对怪物/神兽造成<a color='30ff00'>3300%</a>伤害，无视闪避。,单体攻击,,,723,1,126,1,13,0,0,,
73101,末日审判,jn73101100,术武融合，万物皆灭，日月星辰，碎月一斩。,102,1,0,0,0,0,0,3,0,0,50000,,1,8,1,1,10000,{'special_prop_id':4034},720,对角色/分身造成<a color='30ff00'>450%</a>伤害，对怪物/神兽造成<a color='30ff00'>1200%</a>伤害，无视闪避。,单体攻击,,,731,1,134,1,0,0,0,,
73102,末日审判,jn73101100,术武融合，万物皆灭，日月星辰，碎月一斩。,102,2,0,0,0,0,0,3,0,0,50000,,1,8,1,1,10000,{'special_prop_id':4035},720,对角色/分身造成<a color='30ff00'>480%</a>伤害，对怪物/神兽造成<a color='30ff00'>1500%</a>伤害，无视闪避。,单体攻击,,,731,1,134,1,1,0,0,,
73103,末日审判,jn73101100,术武融合，万物皆灭，日月星辰，碎月一斩。,102,3,0,0,0,0,0,3,0,0,48000,,1,8,1,1,10000,{'special_prop_id':4036},720,对角色/分身造成<a color='30ff00'>510%</a>伤害，对怪物/神兽造成<a color='30ff00'>1800%</a>伤害，无视闪避。,单体攻击,,,731,1,134,1,3,0,0,,
73104,末日审判,jn73101100,术武融合，万物皆灭，日月星辰，碎月一斩。,102,4,0,0,0,0,0,3,0,0,42000,,1,8,1,1,10000,{'special_prop_id':4037},720,对角色/分身造成<a color='30ff00'>540%</a>伤害，对怪物/神兽造成<a color='30ff00'>2100%</a>伤害，无视闪避。,单体攻击,,,731,1,134,1,5,0,0,,
73105,末日审判,jn73101100,术武融合，万物皆灭，日月星辰，碎月一斩。,102,5,0,0,0,0,0,3,0,0,36000,,1,8,1,1,10000,{'special_prop_id':4038},720,对角色/分身造成<a color='30ff00'>570%</a>伤害，对怪物/神兽造成<a color='30ff00'>2400%</a>伤害，无视闪避。,单体攻击,,,731,1,134,1,7,0,0,,
73106,末日审判,jn73101100,术武融合，万物皆灭，日月星辰，碎月一斩。,102,6,0,0,0,0,0,3,0,0,30000,,1,8,1,1,10000,{'special_prop_id':4039},720,对角色/分身造成<a color='30ff00'>600%</a>伤害，对怪物/神兽造成<a color='30ff00'>2700%</a>伤害，无视闪避。,单体攻击,,,731,1,134,1,9,0,0,,
73107,末日审判,jn73101100,术武融合，万物皆灭，日月星辰，碎月一斩。,102,7,0,0,0,0,0,3,0,0,24000,,1,8,1,1,10000,{'special_prop_id':4040},720,对角色/分身造成<a color='30ff00'>630%</a>伤害，对怪物/神兽造成<a color='30ff00'>3000%</a>伤害，无视闪避。,单体攻击,,,731,1,134,1,11,0,0,,
73108,末日审判,jn73101100,术武融合，万物皆灭，日月星辰，碎月一斩。,102,8,0,0,0,0,0,3,0,0,18000,,1,8,1,1,10000,{'special_prop_id':4041},720,对角色/分身造成<a color='30ff00'>660%</a>伤害，对怪物/神兽造成<a color='30ff00'>3300%</a>伤害，无视闪避。,单体攻击,,,731,1,134,1,13,0,0,,
73201,修罗绝杀,jn73201101,术元一体，融会贯通，末日裁决，瞬间审判。,102,1,0,0,0,0,0,3,0,0,50000,,1,8,1,1,10000,{'special_prop_id':4034},720,对角色/分身造成<a color='30ff00'>450%</a>伤害，对怪物/神兽造成<a color='30ff00'>1200%</a>伤害，无视闪避。,单体攻击,,,732,1,135,1,0,0,0,,
73202,修罗绝杀,jn73201101,术元一体，融会贯通，末日裁决，瞬间审判。,102,2,0,0,0,0,0,3,0,0,50000,,1,8,1,1,10000,{'special_prop_id':4035},720,对角色/分身造成<a color='30ff00'>480%</a>伤害，对怪物/神兽造成<a color='30ff00'>1500%</a>伤害，无视闪避。,单体攻击,,,732,1,135,1,1,0,0,,
73203,修罗绝杀,jn73201101,术元一体，融会贯通，末日裁决，瞬间审判。,102,3,0,0,0,0,0,3,0,0,48000,,1,8,1,1,10000,{'special_prop_id':4036},720,对角色/分身造成<a color='30ff00'>510%</a>伤害，对怪物/神兽造成<a color='30ff00'>1800%</a>伤害，无视闪避。,单体攻击,,,732,1,135,1,3,0,0,,
73204,修罗绝杀,jn73201101,术元一体，融会贯通，末日裁决，瞬间审判。,102,4,0,0,0,0,0,3,0,0,42000,,1,8,1,1,10000,{'special_prop_id':4037},720,对角色/分身造成<a color='30ff00'>540%</a>伤害，对怪物/神兽造成<a color='30ff00'>2100%</a>伤害，无视闪避。,单体攻击,,,732,1,135,1,5,0,0,,
73205,修罗绝杀,jn73201101,术元一体，融会贯通，末日裁决，瞬间审判。,102,5,0,0,0,0,0,3,0,0,36000,,1,8,1,1,10000,{'special_prop_id':4038},720,对角色/分身造成<a color='30ff00'>570%</a>伤害，对怪物/神兽造成<a color='30ff00'>2400%</a>伤害，无视闪避。,单体攻击,,,732,1,135,1,7,0,0,,
73206,修罗绝杀,jn73201101,术元一体，融会贯通，末日裁决，瞬间审判。,102,6,0,0,0,0,0,3,0,0,30000,,1,8,1,1,10000,{'special_prop_id':4039},720,对角色/分身造成<a color='30ff00'>600%</a>伤害，对怪物/神兽造成<a color='30ff00'>2700%</a>伤害，无视闪避。,单体攻击,,,732,1,135,1,9,0,0,,
73207,修罗绝杀,jn73201101,术元一体，融会贯通，末日裁决，瞬间审判。,102,7,0,0,0,0,0,3,0,0,24000,,1,8,1,1,10000,{'special_prop_id':4040},720,对角色/分身造成<a color='30ff00'>630%</a>伤害，对怪物/神兽造成<a color='30ff00'>3000%</a>伤害，无视闪避。,单体攻击,,,732,1,135,1,11,0,0,,
73208,修罗绝杀,jn73201101,术元一体，融会贯通，末日裁决，瞬间审判。,102,8,0,0,0,0,0,3,0,0,18000,,1,8,1,1,10000,{'special_prop_id':4041},720,对角色/分身造成<a color='30ff00'>660%</a>伤害，对怪物/神兽造成<a color='30ff00'>3300%</a>伤害，无视闪避。,单体攻击,,,732,1,135,1,13,0,0,,
73301,天魔往生,jn73301102,两位术士招招相传，释放剧毒，十方俱灭。,102,1,0,0,0,0,0,3,0,0,50000,,1,8,1,1,10000,{'special_prop_id':4034},720,对角色/分身造成<a color='30ff00'>450%</a>伤害，对怪物/神兽造成<a color='30ff00'>1200%</a>伤害，无视闪避。,单体攻击,,,733,1,127,1,0,0,0,,
73302,天魔往生,jn73301102,两位术士招招相传，释放剧毒，十方俱灭。,102,2,0,0,0,0,0,3,0,0,50000,,1,8,1,1,10000,{'special_prop_id':4035},720,对角色/分身造成<a color='30ff00'>480%</a>伤害，对怪物/神兽造成<a color='30ff00'>1500%</a>伤害，无视闪避。,单体攻击,,,733,1,127,1,1,0,0,,
73303,天魔往生,jn73301102,两位术士招招相传，释放剧毒，十方俱灭。,102,3,0,0,0,0,0,3,0,0,48000,,1,8,1,1,10000,{'special_prop_id':4036},720,对角色/分身造成<a color='30ff00'>510%</a>伤害，对怪物/神兽造成<a color='30ff00'>1800%</a>伤害，无视闪避。,单体攻击,,,733,1,127,1,3,0,0,,
73304,天魔往生,jn73301102,两位术士招招相传，释放剧毒，十方俱灭。,102,4,0,0,0,0,0,3,0,0,42000,,1,8,1,1,10000,{'special_prop_id':4037},720,对角色/分身造成<a color='30ff00'>540%</a>伤害，对怪物/神兽造成<a color='30ff00'>2100%</a>伤害，无视闪避。,单体攻击,,,733,1,127,1,5,0,0,,
73305,天魔往生,jn73301102,两位术士招招相传，释放剧毒，十方俱灭。,102,5,0,0,0,0,0,3,0,0,36000,,1,8,1,1,10000,{'special_prop_id':4038},720,对角色/分身造成<a color='30ff00'>570%</a>伤害，对怪物/神兽造成<a color='30ff00'>2400%</a>伤害，无视闪避。,单体攻击,,,733,1,127,1,7,0,0,,
73306,天魔往生,jn73301102,两位术士招招相传，释放剧毒，十方俱灭。,102,6,0,0,0,0,0,3,0,0,30000,,1,8,1,1,10000,{'special_prop_id':4039},720,对角色/分身造成<a color='30ff00'>600%</a>伤害，对怪物/神兽造成<a color='30ff00'>2700%</a>伤害，无视闪避。,单体攻击,,,733,1,127,1,9,0,0,,
73307,天魔往生,jn73301102,两位术士招招相传，释放剧毒，十方俱灭。,102,7,0,0,0,0,0,3,0,0,24000,,1,8,1,1,10000,{'special_prop_id':4040},720,对角色/分身造成<a color='30ff00'>630%</a>伤害，对怪物/神兽造成<a color='30ff00'>3000%</a>伤害，无视闪避。,单体攻击,,,733,1,127,1,11,0,0,,
73308,天魔往生,jn73301102,两位术士招招相传，释放剧毒，十方俱灭。,102,8,0,0,0,0,0,3,0,0,18000,,1,8,1,1,10000,{'special_prop_id':4041},720,对角色/分身造成<a color='30ff00'>660%</a>伤害，对怪物/神兽造成<a color='30ff00'>3300%</a>伤害，无视闪避。,单体攻击,,,733,1,127,1,13,0,0,,
80001,大衍咒术,jn30701102,爆发自身潜力对目标连续施加多段咒术，依次造成100%道术攻击伤害、75%道术攻击伤害、50%无视目标防御道术伤害,102,1,1,30702,1,12000,20000218,3,0,100,30000,,0,0,0,1,0,{'mon_id':302101|'attack_pres':3600|'add_power':30},720,召唤1只<a color='30ff00'>1级月灵</a>（魔法单攻），月灵拥有主人<a color='30ff00'>36%+30</a>的攻击。,无,15秒,召唤一只兽灵跟随自己战斗,800,8,132,1,,1,305,20000218,
80002,大衍咒术,jn30701102,爆发自身潜力对目标连续施加多段咒术，依次造成100%道术攻击伤害、75%道术攻击伤害、50%无视目标防御道术伤害,102,2,66,30703,1,30000,20000218,3,0,200,30000,,0,0,0,1,0,{'mon_id':302102|'attack_pres':3900|'add_power':40},720,召唤1只<a color='30ff00'>2级月灵</a>（魔法单攻），月灵拥有主人<a color='30ff00'>39%+40</a>的攻击。,无,15秒,召唤一只兽灵跟随自己战斗,800,8,132,1,,1,305,20000218,
80003,大衍咒术,jn30701102,爆发自身潜力对目标连续施加多段咒术，依次造成100%道术攻击伤害、75%道术攻击伤害、50%无视目标防御道术伤害,102,3,74,30704,1,60000,20000218,3,0,300,30000,,0,0,0,1,0,{'mon_id':302103|'attack_pres':4200|'add_power':50},720,召唤1只<a color='30ff00'>3级月灵</a>（魔法单攻），月灵拥有主人<a color='30ff00'>42%+50</a>的攻击。,无,15秒,召唤一只兽灵跟随自己战斗,800,8,132,1,,1,305,20000218,
80004,大衍咒术,jn30701102,爆发自身潜力对目标连续施加多段咒术，依次造成100%道术攻击伤害、75%道术攻击伤害、50%无视目标防御道术伤害,102,4,82,30705,1,225000,20000218,3,0,400,30000,,0,0,0,1,0,{'mon_id':302104|'attack_pres':4700|'add_power':60},720,召唤1只<a color='30ff00'>4级月灵</a>（魔法单攻），月灵拥有主人<a color='30ff00'>47%+60</a>的攻击。,无,15秒,召唤一只兽灵跟随自己战斗,800,8,132,1,,1,305,20000218,
80005,大衍咒术,jn30701102,爆发自身潜力对目标连续施加多段咒术，依次造成100%道术攻击伤害、75%道术攻击伤害、50%无视目标防御道术伤害,102,5,90,30706,1,540000,20000218,3,0,500,30000,,0,0,0,1,0,{'mon_id':302105|'attack_pres':5200|'add_power':70},720,召唤1只<a color='30ff00'>5级月灵</a>（魔法单攻），月灵拥有主人<a color='30ff00'>52%+70</a>的攻击。,无,15秒,召唤一只兽灵跟随自己战斗,800,8,132,1,,1,305,20000218,
80006,大衍咒术,jn30701102,爆发自身潜力对目标连续施加多段咒术，依次造成100%道术攻击伤害、75%道术攻击伤害、50%无视目标防御道术伤害,102,6,98,30707,1,1575000,20000218,3,0,600,30000,,0,0,0,1,0,{'mon_id':302106|'attack_pres':5700|'add_power':80},720,召唤1只<a color='30ff00'>6级月灵</a>（魔法单攻），月灵拥有主人<a color='30ff00'>57%+80</a>的攻击。,无,15秒,召唤一只兽灵跟随自己战斗,800,8,132,1,,1,305,20000218,
80007,大衍咒术,jn30701102,爆发自身潜力对目标连续施加多段咒术，依次造成100%道术攻击伤害、75%道术攻击伤害、50%无视目标防御道术伤害,102,7,106,30708,1,2250000,20000218,3,0,700,30000,,0,0,0,1,0,{'mon_id':302107|'attack_pres':6500|'add_power':95},720,召唤1只<a color='30ff00'>7级月灵</a>（魔法单攻），月灵拥有主人<a color='30ff00'>65%+95</a>的攻击。,无,15秒,召唤一只兽灵跟随自己战斗,800,8,132,1,,1,305,20000218,
80008,大衍咒术,jn30701102,爆发自身潜力对目标连续施加多段咒术，依次造成100%道术攻击伤害、75%道术攻击伤害、50%无视目标防御道术伤害,102,8,114,30709,1,3000000,20000218,3,0,800,30000,,0,0,0,1,0,{'mon_id':302108|'attack_pres':7200|'add_power':110},720,召唤1只<a color='30ff00'>8级月灵</a>（魔法单攻），月灵拥有主人<a color='30ff00'>72%+110</a>的攻击。,无,15秒,召唤一只兽灵跟随自己战斗,800,8,132,1,,1,305,20000218,
80009,大衍咒术,jn30701102,爆发自身潜力对目标连续施加多段咒术，依次造成100%道术攻击伤害、75%道术攻击伤害、50%无视目标防御道术伤害,102,9,122,0,1,5400000,20000218,3,0,900,30000,,0,0,0,1,0,{'mon_id':302109|'attack_pres':8000|'add_power':150},720,召唤1只<a color='30ff00'>9级月灵</a>（魔法单攻），月灵拥有主人<a color='30ff00'>80%+150</a>的攻击。,无,15秒,召唤一只兽灵跟随自己战斗,800,8,132,1,,1,305,20000218,
80101,大衍咒术,jn30701102,爆发自身潜力对目标连续施加多段咒术，依次造成100%道术攻击伤害、75%道术攻击伤害、50%无视目标防御道术伤害,102,1,1,30702,1,12000,20000218,3,0,100,30000,,0,0,0,1,0,{'mon_id':302101|'attack_pres':3600|'add_power':30},720,召唤1只<a color='30ff00'>1级月灵</a>（魔法单攻），月灵拥有主人<a color='30ff00'>36%+30</a>的攻击。,无,15秒,召唤一只兽灵跟随自己战斗,801,8,132,1,,1,305,20000218,
80102,大衍咒术,jn30701102,爆发自身潜力对目标连续施加多段咒术，依次造成100%道术攻击伤害、75%道术攻击伤害、50%无视目标防御道术伤害,102,2,66,30703,1,30000,20000218,3,0,200,30000,,0,0,0,1,0,{'mon_id':302102|'attack_pres':3900|'add_power':40},720,召唤1只<a color='30ff00'>2级月灵</a>（魔法单攻），月灵拥有主人<a color='30ff00'>39%+40</a>的攻击。,无,15秒,召唤一只兽灵跟随自己战斗,801,8,132,1,,1,305,20000218,
80103,大衍咒术,jn30701102,爆发自身潜力对目标连续施加多段咒术，依次造成100%道术攻击伤害、75%道术攻击伤害、50%无视目标防御道术伤害,102,3,74,30704,1,60000,20000218,3,0,300,30000,,0,0,0,1,0,{'mon_id':302103|'attack_pres':4200|'add_power':50},720,召唤1只<a color='30ff00'>3级月灵</a>（魔法单攻），月灵拥有主人<a color='30ff00'>42%+50</a>的攻击。,无,15秒,召唤一只兽灵跟随自己战斗,801,8,132,1,,1,305,20000218,
80104,大衍咒术,jn30701102,爆发自身潜力对目标连续施加多段咒术，依次造成100%道术攻击伤害、75%道术攻击伤害、50%无视目标防御道术伤害,102,4,82,30705,1,225000,20000218,3,0,400,30000,,0,0,0,1,0,{'mon_id':302104|'attack_pres':4700|'add_power':60},720,召唤1只<a color='30ff00'>4级月灵</a>（魔法单攻），月灵拥有主人<a color='30ff00'>47%+60</a>的攻击。,无,15秒,召唤一只兽灵跟随自己战斗,801,8,132,1,,1,305,20000218,
80105,大衍咒术,jn30701102,爆发自身潜力对目标连续施加多段咒术，依次造成100%道术攻击伤害、75%道术攻击伤害、50%无视目标防御道术伤害,102,5,90,30706,1,540000,20000218,3,0,500,30000,,0,0,0,1,0,{'mon_id':302105|'attack_pres':5200|'add_power':70},720,召唤1只<a color='30ff00'>5级月灵</a>（魔法单攻），月灵拥有主人<a color='30ff00'>52%+70</a>的攻击。,无,15秒,召唤一只兽灵跟随自己战斗,801,8,132,1,,1,305,20000218,
80106,大衍咒术,jn30701102,爆发自身潜力对目标连续施加多段咒术，依次造成100%道术攻击伤害、75%道术攻击伤害、50%无视目标防御道术伤害,102,6,98,30707,1,1575000,20000218,3,0,600,30000,,0,0,0,1,0,{'mon_id':302106|'attack_pres':5700|'add_power':80},720,召唤1只<a color='30ff00'>6级月灵</a>（魔法单攻），月灵拥有主人<a color='30ff00'>57%+80</a>的攻击。,无,15秒,召唤一只兽灵跟随自己战斗,801,8,132,1,,1,305,20000218,
80107,大衍咒术,jn30701102,爆发自身潜力对目标连续施加多段咒术，依次造成100%道术攻击伤害、75%道术攻击伤害、50%无视目标防御道术伤害,102,7,106,30708,1,2250000,20000218,3,0,700,30000,,0,0,0,1,0,{'mon_id':302107|'attack_pres':6500|'add_power':95},720,召唤1只<a color='30ff00'>7级月灵</a>（魔法单攻），月灵拥有主人<a color='30ff00'>65%+95</a>的攻击。,无,15秒,召唤一只兽灵跟随自己战斗,801,8,132,1,,1,305,20000218,
80108,大衍咒术,jn30701102,爆发自身潜力对目标连续施加多段咒术，依次造成100%道术攻击伤害、75%道术攻击伤害、50%无视目标防御道术伤害,102,8,114,30709,1,3000000,20000218,3,0,800,30000,,0,0,0,1,0,{'mon_id':302108|'attack_pres':7200|'add_power':110},720,召唤1只<a color='30ff00'>8级月灵</a>（魔法单攻），月灵拥有主人<a color='30ff00'>72%+110</a>的攻击。,无,15秒,召唤一只兽灵跟随自己战斗,801,8,132,1,,1,305,20000218,
80109,大衍咒术,jn30701102,爆发自身潜力对目标连续施加多段咒术，依次造成100%道术攻击伤害、75%道术攻击伤害、50%无视目标防御道术伤害,102,9,122,0,1,5400000,20000218,3,0,900,30000,,0,0,0,1,0,{'mon_id':302109|'attack_pres':8000|'add_power':150},720,召唤1只<a color='30ff00'>9级月灵</a>（魔法单攻），月灵拥有主人<a color='30ff00'>80%+150</a>的攻击。,无,15秒,召唤一只兽灵跟随自己战斗,801,8,132,1,,1,305,20000218,
80200,怪物近战普攻,jn73301102,怪物技能,0,0,0,0,0,0,0,1,0,0,0,,1,1,1,1,10000,{'attack_pres':10000|'special_prop_id':4041|'ignore_dodge':1},720,对角色/分身造成<a color='30ff00'>660%</a>伤害，对怪物/神兽造成<a color='30ff00'>3300%</a>伤害，无视闪避。,单体攻击,,,802,1,0,1,13,0,0,,
80300,怪物远程普攻,jn73301102,怪物技能,0,0,0,0,0,0,0,2,0,0,0,,1,8,1,1,10000,{'attack_pres':10000|'special_prop_id':4041|'ignore_dodge':1},720,对角色/分身造成<a color='30ff00'>660%</a>伤害，对怪物/神兽造成<a color='30ff00'>3300%</a>伤害，无视闪避。,单体攻击,,,803,1,106,1,13,0,0,,
80400,乱舞九天,0,BOSS以自身为中心，从地底召唤冰龙冲天而起，对周围4格内的玩家造成伤害100%魔法攻击伤害，并造成目标减速30%，持续2秒,0,0,0,0,0,0,0,0,0,0,0,0,0,0,4,100,10000,{'attack_pres':10000|'add_power':1000|'buff_id':11101|'buff_time':20000},720,0,0,0,0,0,0,0,0,0,0,0,0,
80500,紫气东来,0,BOSS以自身为中心，释放怒气向四周扩散，对周围4格内的玩家造成伤害120%魔法攻击伤害，并造成中毒，持续3秒，每秒造成10%boss攻击力的魔法伤害,0,0,0,0,0,0,0,0,0,0,0,0,0,0,4,100,10000,{'attack_pres':12000|'add_power':1000|'buff_id':11101|'buff_time':30000},720,0,0,0,0,0,0,0,0,0,0,0,0,
80600,寒冰领域,0,BOSS以自身为中心，操纵周围元素，将空气凝聚成寒冰，向四周扩散对周围4格内的玩家造成120%魔法攻击伤害，并造成冰冻，持续1秒,0,0,0,0,0,0,0,0,0,0,0,0,0,0,4,100,10000,{'attack_pres':12000|'add_power':1000|'buff_id':11101|'buff_time':10000},720,0,0,0,0,0,0,0,0,0,0,0,0,
80700,冰晶爆轰,0,指向性技能，BOSS朝目标位置丢出冰晶，对目标周围3格的玩家造成120%魔法攻击，并造成减速30%，持续2秒,0,0,0,0,0,0,0,0,0,0,0,0,0,0,3,100,10000,{'attack_pres':12000|'add_power':1000|'buff_id':11101|'buff_time':20000},720,0,0,0,0,0,0,0,0,0,0,0,0,
80800,爆炎,0,指向性技能，BOSS朝目标位置丢出烈焰，炮轰目标周围3格的玩家造成120%魔法攻击，并砸晕受击的玩家，持续1秒,0,0,0,0,0,0,0,0,0,0,0,0,0,0,3,100,10000,{'attack_pres':12000|'add_power':1000|'buff_id':11101|'buff_time':10000},720,0,0,0,0,0,0,0,0,0,0,0,0,
80900,炎龙无双,0,BOSS以自身为中心，从地底召唤火龙围绕自身旋转，对周围4格内的玩家造成伤害120%魔法攻击伤害，,0,0,0,0,0,0,0,0,0,0,0,0,0,0,4,100,10000,{'attack_pres':12000|'add_power':1000},720,0,0,0,0,0,0,0,0,0,0,0,0,
80910,狂雷天牢,0,BOSS以目标为中心，召唤10道雷电，对目标区域3格内的进行随机轰炸，每道闪电间隔0.35秒,0,0,0,0,0,0,0,0,0,0,0,0,0,0,3,100,10000,{'attack_pres':12000|'add_power':1000|'attack_duration':31500|'attack_gap':3500},720,0,0,0,0,0,0,0,0,0,0,0,0,
80920,千里冰封,0,BOSS正前方3格开始释放寒冰，围绕BOSS一周，依次释放8个寒冰，每个寒冰间隔0.30秒。,0,0,0,0,0,0,0,0,0,0,0,0,0,0,3,100,10000,{'attack_pres':12000|'add_power':1000|'attack_duration':21000|'attack_gap':3000},720,0,0,0,0,0,0,0,0,0,0,0,0,
